Time Code,Country Code,"Population, total",Population growth (annual %),Surface area (sq. km),"GNI, Atlas method (current US$)","GNI per capita, Atlas method (current US$)","GNI, PPP (current international $)","GNI per capita, PPP (current international $)","Life expectancy at birth, total (years)","Fertility rate, total (births per woman)","Adolescent fertility rate (births per 1,000 women ages 15-19)","Mortality rate, under-5 (per 1,000 live births)","Immunization, measles (% of children ages 12-23 months)",Forest area (sq. km),CO2 emissions (metric tons per capita),GDP (current US$) [NY.GDP.MKTP.CD],GDP growth (annual %),"Inflation, GDP deflator (annual %)","Agriculture, forestry, and fishing, value added (% of GDP)","Industry (including construction), value added (% of GDP)",Exports of goods and services (% of GDP),Imports of goods and services (% of GDP),Gross capital formation (% of GDP),Mobile cellular subscriptions (per 100 people),Merchandise trade (% of GDP),Net barter terms of trade index (2000 = 100),"Personal remittances, paid (current US$)","Foreign direct investment, net inflows (BoP, current US$)",GDP per capita (current US$),"Foreign direct investment, net (BoP, current US$)","Inflation, consumer prices (annual %)","Labor force, female (% of total labor force)","Mortality rate, adult, male (per 1,000 male adults)","Mortality rate, adult, female (per 1,000 female adults)",Number of infant deaths,Number of maternal deaths,Number of neonatal deaths,People practicing open defecation (% of population)
YR2009,AFG,28394813.0,2.3970209909999998,652860.0,12652732366.0,450.0,41187103443.0,1450.0,60.483999999999995,6.18,120.17399999999999,91.9,60.0,13500.0,0.2383985413,12439087077.0,21.39052841,-2.163404438,29.29750105,21.89712221,22.70032338,66.66455039,17.99143563,36.97858479,30.05847597,140.36480830000002,624996676.8,56107246.5,438.07603439999997,-56107246.5,-6.811161089,32.83070633,276.279,233.662,77297.0,12000.0,57378.0,19.24209123
YR2009,ALB,2927519.0,-0.6738940465000001,28750.0,12529071700.0,4280.0,25395256474.0,8670.0,76.221,1.652,19.3662,14.4,97.0,7775.200195,1.495600199,12044208086.0,3.3499939010000004,2.422592786,16.79440895,24.41368311,25.24074861,49.85416579,34.55784589,82.86919686,46.83578995,90.65615398,229819782.3,1344156095.0,4114.1348990000015,-950761387.6,2.231396835,41.54512462,106.094,56.953,459.0,7.0,216.0,0.332860769
YR2009,DZA,35333881.0,1.722093224,2381740.0,151578271289.0,4290.0,430160648946.0,12170.0,74.64399999999998,2.799,10.4346,28.3,92.0,18415.99976,3.435787368,137211039898.0,1.6322438380000002,-11.18979348,9.342873557999999,47.90116253,35.37165064,35.95267771,46.87646013,92.63014159,61.56064415,171.2472174,45702405.84,2746930734.0,3883.2711270000004,-2532507565.0,5.737060361,16.76722085,118.589,93.611,20132.0,990.0,14807.0,2.693679882
YR2009,ASM,56683.0,-1.4171465540000001,200.0,,,,,,,,,,177.5,,678000000.0,-4.237288136,25.75488455,,,78.17109145,82.00589971,,,142.4778761,154.2282596,,,11961.25823,,,,,,,,,0.7250188146
YR2009,AND,84463.0,0.7140977917,470.0,,,,,,1.19,,4.4,98.0,160.0,6.121579862999999,3660530703.0,-3.69065351,-1.3800000000000007e-05,0.43493937039999997,14.38525912,,,,76.42281236,,,,,43338.866760000004,,,,,,3.0,,2.0,0.0
YR2009,AGO,22514281.0,3.703877683,1246700.0,71273450786.0,3170.0,123862171068.0,5500.0,54.31100000000001,6.26,175.6974,129.0,46.0,586048.0078,1.234425074,70307163678.0,0.8587126151000001,-16.76108205,6.62119707,44.05637617,58.75730302,63.68883933,42.82085881,36.01900945,90.30089777,163.8988129,715962015.8,2205298180.0,3122.780766,-2198545055.0,13.73028393,49.16148163,315.675,242.637,81857.0,3700.0,39259.0,30.37016336
YR2009,ATG,86746.0,1.5673336880000002,440.0,1176196661.0,13560.0,1818817784.0,20970.0,75.683,1.993,49.496,10.2,99.0,98.00000191,5.875925115,1224253000.0,-12.10753619,1.788009653,1.4967070930000002,19.48801069,45.8747921,57.70679027,,155.5403131,47.78424068,81.69772207,2122362.963,80646652.59,14113.07726,-80646652.59,-0.5501599954999999,,163.57299999999995,115.501,12.0,1.0,8.0,0.5968417081
YR2009,ARG,40482788.0,0.9995447341,2780400.0,315586430026.0,7800.0,657382734891.0,16240.0,75.116,2.355,63.1896,14.9,96.0,289140.0,4.445387803,332976484578.0,-5.918525076,15.37764937,5.2736234689999995,25.2842048,19.56098506,14.49614185,16.05311236,129.6422074,28.36776901,140.6669809,766571548.3,4017158925.0,8225.137176,-3305612521.0,,41.58252067,163.20600000000005,87.87799999999999,9819.0,410.0,5798.0,1.786351155
YR2009,ARM,2888092.0,-0.6738112803,29740.0,9630072525.0,3330.0,19030029139.0,6590.0,73.118,1.719,26.6078,19.5,96.0,3312.000122,1.5096690130000001,8647936748.0,-14.14998864,2.556935053,,,15.47447505,43.00439482,33.82202543,75.88054674,46.61227432,114.6122912,180494515.9,760040745.9,2994.342544,-707800329.9,3.4067668269999998,46.33110921,193.005,85.71799999999998,767.0,14.0,455.0,0.029059076160000002
YR2009,ABW,101455.0,0.09565462509,180.0,2411358839.0,23770.0,3394670605.0,33460.0,74.872,1.761,31.721999999999998,,,4.199999869,25.91532206,2498882682.0,-10.51974761,1.727072277,0.44039794320000003,16.175407999999994,63.78269618,76.27990163,30.29286832,126.16430929999999,176.0965795,91.37425051,72960893.85,-10614525.14,24630.453709999998,12122905.03,-2.136300373,,125.241,77.789,,,,1.367339443
YR2009,AUS,21691700.0,2.06104513,7741220.0,955474916834.0,44050.0,843523436833.0,38890.0,81.54390244,1.9709999999999999,15.1808,5.0,94.0,1240970.0,18.20018196,927805183331.0,1.936905392,5.001894739,2.2917203969999997,26.99903583,23.00481294,22.79309127,27.39605363,102.06497209999999,34.46865848,162.8983843,3224401182.0,28683266148.0,42772.359169999996,-17218512630.0,1.771117166,45.19197882,81.777,47.91,1232.0,16.0,844.0,0.0
YR2009,AUT,8343323.0,0.2619531899,83879.00391,408848760399.0,49000.0,341315238549.0,40910.0,80.33170732,1.39,10.0618,4.4,76.0,38581.99951,7.518751102,400172297861.0,-3.764580483,1.8892666180000002,1.146817768,25.79284583,45.20741656,41.85481441,22.77532094,136.5634805,69.98285526,141.281317,2906772818.0,14293213431.0,47963.1794,1264455428.0,0.5063083501,46.04779004,103.061,50.07899999999999,284.0,4.0,199.0,0.0
YR2009,AZE,8947243.0,2.076148264,86600.0,43163823283.0,4820.0,125651565988.0,14040.0,70.597,1.82,42.787,40.3,85.0,9820.800170999999,3.5656682180000003,44291490421.0,9.369502784,-18.89922838,6.121933065,56.26195525,51.63574568,23.108296,18.948639800000002,86.92047006,62.33928851,127.2901101,638101000.0,2900030000.0,4950.294790999998,-147181000.0,1.463159974,48.47866003,185.48,90.20200000000001,5370.0,50.0,3396.0,0.22872870210000001
YR2009,BHS,349604.0,1.70871838,13880.0,10143379942.0,29010.0,9913446535.0,28360.0,72.067,1.8769999999999998,36.7972,13.3,98.0,5150.0,4.69907667,9981960000.0,-4.175260401,-1.036553462,0.9096409924,10.01005814,34.19067999,42.33036398,28.05360871,102.6338371,32.51866367,82.42923264,63340000.0,663960000.0,28552.19048,-663960000.0,2.062734735,47.6643005,211.739,128.401,57.0,4.0,42.0,0.5885039214
YR2009,BHR,1185076.0,6.1274527579999996,760.0,22319249146.0,18830.0,41831696735.0,35300.0,75.913,2.197,14.4694,8.9,99.0,5.099999905,23.81076404,22938218085.0,2.539772469,-12.99375493,0.3374003017,43.10004789,68.46559387,49.49813154,26.14330585,118.30245490000001,95.79645602,127.77742240000002,1390957447.0,257149561.4,19355.90467,-2048638923.0,2.7955128360000003,20.80171321,80.127,64.072,145.0,4.0,61.0,0.0
YR2009,BGD,145924797.0,1.116805726,148460.0,106129586447.0,730.0,367894018814.0,2520.0,69.485,2.3819999999999997,91.9026,52.2,93.0,14445.999759999999,0.3682459671,102477791472.0,5.0451247939999995,6.764354686,17.10462905,25.29557218,16.94013291,23.15266332,26.20605702,35.19574195,36.0234149,67.09742643,7791556.368,901286583.1,702.26441,-720457353.6,5.423472362,25.43517895,160.847,126.10600000000001,129286.0,8500.0,91271.0,7.461796201
YR2009,BRB,281104.0,0.4127980196,430.0,4452594277.0,15840.0,4246247450.0,15110.0,78.27199999999998,1.7109999999999999,45.4816,14.9,94.0,63.00000191,5.752842364,4479950000.0,-3.972927837,-2.440423231,1.407381779,15.39637719,42.52167993,45.65341131,16.95331421,119.9061557,40.80402683,126.46003540000001,37170015.89,458155604.1,15936.984180000001,-352359730.9,3.643861893,49.02590243,134.866,82.384,46.0,1.0,33.0,0.7840909091
YR2009,BLR,9506765.0,-0.2229607301,207600.0,53840610997.0,5660.0,135579675351.0,14260.0,70.40731707,1.5090000000000001,21.9382,6.0,99.0,85144.00391,6.4396842670000005,50874078052.0,0.19999531,9.258661838,8.130898936,36.11396335,48.87646182,59.75918299999999,36.86404446,102.6825392,98.03224335,99.26052196,133000000.0,1876500000.0,5351.355382,-1774200000.0,12.94565634,49.62059485,330.0030000000001,113.28,481.0,6.0,210.0,0.0
YR2009,BEL,10796493.0,0.8045995726,30530.0,499542647649.0,46270.0,410867772241.0,38060.0,80.03414634,1.84,8.4296,4.5,95.0,6797.999878000001,9.249615685,484552792442.0,-2.253171548,0.7780999801,0.6494617971,20.5085654,69.30977625,67.04698162,21.66441932,108.42822340000002,149.3106657,148.3429509,4479408131.0,86527976139.0,44880.573019999996,-61786380962.0,-0.053145674129999994,44.92558915,107.23700000000001,61.099,464.0,8.0,303.0,0.0
YR2009,BLZ,314655.0,2.520576643,22970.0,1295340385.0,4120.0,2209608400.0,7020.0,71.541,2.7489999999999997,76.2652,19.4,97.0,13964.20044,1.864645405,1335217500.0,0.6708014769,-3.0910309989999996,11.09534214,18.86030179,51.69127127,56.29646481,19.10036754,51.4159953,78.63887344,89.23181753,22508922.2,108840086.4,4243.433284000002,-108378836.0,,38.20319751,225.86,137.422,124.0,4.0,66.0,2.52222942
YR2009,BEN,8944708.0,2.809301752,114760.0,7085543056.0,790.0,15791734901.0,1770.0,59.00899999999999,5.416,103.7534,113.3,71.0,46110.0,0.5210630688,7097198712.0,2.32930121,2.53020605,23.76760563,22.06075436,20.37180711,31.47520291,21.90352709,56.27180898,46.34222788,119.3906233,69946969.34,-18732013.56,793.4522526000003,-103099138.9,2.1568299619999998,49.51958432,280.953,233.641,24981.0,1700.0,12412.0,60.05245884
YR2009,BMU,65636.0,0.5561258101,54.00000095,7323676393.0,111580.0,4493986662.0,68470.0,79.38843902,1.76,,,,10.0,7.262934975,5806378000.0,-5.284177149,0.33366494550000003,0.7403410525,8.460902821,46.48877493,30.51093126,15.25351949,129.4271706,18.82412754,77.25573307,212564001.2,-70747817.17,88463.31282,81724155.04,,,,,,,,0.0
YR2009,BTN,678323.0,0.9941293901,38393.999019999996,1296285019.0,1910.0,3886195669.0,5730.0,67.882,2.387,39.931999999999995,45.2,94.0,26953.60107,0.5730337907,1264758198.0,6.657223796,4.85125114,18.2268568,41.96599206,44.70198135,62.20414564,45.73692034,49.9670511,81.04315921,123.0057233,47650215.21,18299707.23,1864.5368030000002,-18299707.23,4.3611221910000015,43.64881073,227.497,234.382,491.0,35.0,319.0,4.356978098
YR2009,BOL,9884781.0,1.666110583,1098580.0,16050435914.0,1620.0,47934038028.0,4850.0,67.476,3.287,78.3112,43.7,93.0,567140.0,1.415267066,17339992165.0,3.3570012589999996,-2.419895917,11.1524078,29.22868512,35.72262529,32.90444922,16.97126133,65.39740233,54.81548036,145.9444761,103470000.0,423040000.0,1754.211061,-420040000.0,3.3464542010000002,43.32828731,236.18599999999998,172.675,8641.0,560.0,5619.0,22.25363409
YR2009,BIH,3735938.0,-0.48952002829999997,51210.0,18576352906.0,4970.0,35036804402.0,9380.0,75.844,1.311,14.5368,7.5,93.0,21850.0,5.541816272,17613836210.0,-3.0027525369999997,0.18370396120000002,7.076599732999999,22.83862101,25.00937959,48.73811824,19.78212006,87.18664496,72.25569631,100.25574859999999,55055851.87,138511019.7,4714.702495,-231998611.5,-0.38146441299999995,39.54287993,138.099,70.493,225.0,4.0,177.0,0.08746633701999999
YR2009,BWA,1953498.0,1.957036327,581730.0,10405708769.0,5330.0,22912336628.0,11730.0,58.446999999999996,3.0260000000000002,48.456,55.5,96.0,114694.0039,1.925951294,10267133178.0,-7.652310203,6.462525782,2.819081868,28.15606074,34.80094895,51.88507096,38.9302334,95.93564979,79.71066371,83.49332692,59503725.25,208699416.1,5255.768461,-200878697.7,8.027297031,46.26699917,444.42199999999997,330.611,2166.0,100.0,1658.0,15.95621073
YR2009,BRA,193886508.0,0.9619482626000001,8515770.0,1614015615292.0,8320.0,2519438675897.0,12990.0,73.3,1.818,68.3124,19.6,99.0,5001131.875,1.893620024,1667019783585.0,-0.12581199939999999,7.313482736,4.476773992,21.87859263,10.85137113,11.25460447,18.79613505,87.36326511,17.19667654,107.27646940000001,730896100.0,31480932200.0,8597.915352,-36032806300.0,4.888034799,42.70182826,210.825,103.73299999999999,53107.0,2100.0,35191.0,4.46303562
YR2009,VGB,27039.0,3.545990305,150.0,,,,,,,,,,36.40000105,6.102851437000001,,,,,,,,,173.9376456,,50.87458684,,42212878000.0,,,,,,,,,,0.1656612291
YR2009,BRN,383906.0,1.1751324429999999,5770.0,12460515798.0,32460.0,29689532349.0,77340.0,74.623,1.921,16.6106,9.5,99.0,3817.999878,20.47909645,10732366286.0,-1.7645355409999999,-22.09141648,0.9089569734999999,65.40518727,72.78317629,35.7894602,17.55651355,107.54768090000002,89.90561579999998,177.0602345,444817438.6,325586827.8,27955.713860000003,-325586827.8,1.035717743,41.35999957,107.749,76.142,53.0,2.0,32.0,2.6
YR2009,BGR,7444443.0,-0.6442813625,111000.0,50236398616.0,6750.0,103337469670.0,13880.0,73.41219512,1.66,45.2272,11.1,96.0,37198.00049,5.731193724,51884481410.0,-3.586145625,4.047417475,4.238352887,26.38495929,42.33201207,50.60909025,28.56784667,139.89166809999998,76.8187306,161.36930880000003,101249928.6,3896664559.0,6969.5585569999985,-3535417639.0,2.7532022389999997,45.78909294,203.891,87.602,695.0,9.0,386.0,0.0
YR2009,BFA,15141098.0,3.02644987,274220.0,8341924788.0,550.0,20345699589.0,1340.0,56.376999999999995,5.952999999999999,123.9538,121.5,94.0,57090.0,0.127633346,8369175126.0,2.9620143710000004,2.405470435,32.3929117,17.59685248,12.69934858,27.72150678,24.87154617,25.25328744,33.09764652,98.73744187,99308262.26,56426881.77,552.7455886,-71077878.92,2.608176664,43.55550492,300.79,270.186,43456.0,2600.0,20407.0,57.95469762
YR2009,BDI,8397668.0,3.2872698469999997,27830.0,1667652236.0,200.0,5807080218.0,690.0,56.488,6.267,63.3828,96.7,91.0,2386.0000609999997,0.022706780030000002,1781455092.0,3.812746937,10.45879485,36.72136414,16.91952896,6.600000274,29.20000329,18.97487302,10.96434153,26.32679331,125.36460929999998,1114227.9409999999,348404.5346,212.1368804,-348404.5346,10.55543553,51.86569268,353.606,299.885,22114.0,2500.0,10518.0,2.7067878419999998
YR2009,CPV,486671.0,1.204959629,4030.0,1693360902.0,3480.0,2723304770.0,5600.0,70.911,2.6289999999999996,84.6012,25.4,97.0,847.9000092,1.077485611,1711817182.0,-1.270425968,2.174621123,8.319046096000001,19.26121005,31.07745164,56.95978354,43.7894261,59.71611212,43.46258514,104.1493882,11724051.28,126003552.2,3517.4012450000005,-124107059.5,0.9911034806,44.23421703,155.834,112.539,237.0,8.0,165.0,33.94472526
YR2009,KHM,14093604.0,1.499593573,181040.0,9818655539.0,700.0,31557701852.0,2240.0,66.014,2.947,47.7132,47.9,92.0,102214.0039,0.33017977519999997,10401851851.0,0.08669695927000001,2.504384662,33.49071752,21.66174196,49.220763500000004,55.91771187,21.35991038,44.47407491,96.38668329,79.90440016,159287131.9,928393617.3,738.0547836000003,-909520389.4,-0.6613076024,50.19381679,228.14700000000002,169.093,14589.0,960.0,8199.0,56.76278942
YR2009,CMR,19789919.0,2.7523121980000003,475440.0,26117766121.0,1320.0,54538637175.0,2760.0,54.626999999999995,5.167000000000002,127.4486,112.1,74.0,201360.0,0.33983352840000003,26017925552.0,2.198664102,1.645181868,13.65706094,27.03924883,21.40326478,26.36925342,23.66215808,40.44544093,30.72497069,134.96367030000002,129946593.5,743285027.3,1314.706015,-809089563.8,3.0436184789999996,47.42302409,381.006,349.967,54026.0,4800.0,24503.0,7.213191639
YR2009,CAN,33628895.0,1.141758099,9984670.0,1453721437620.0,43230.0,1285495001290.0,38230.0,80.99512195,1.6680000000000001,12.8038,5.7,91.0,3473568.125,15.96140637,1371153004986.0,-2.928400182,-2.315572735,1.375939874,25.44563647,28.49253365,29.933869899999998,22.01510178,70.56194624,47.11370632,108.31903329999999,4662098289.0,20951090410.0,40773.06153,16787996096.0,0.299466803,47.02511981,87.745,54.772,1844.0,44.0,1407.0,0.0
YR2009,CYM,55322.0,2.7228271060000004,263.9999962,,,,,,,,,,126.99999809999998,10.07526843,,-7.200482782000001,0.6077838077000001,0.3142385632,0.004441408434,,,,196.48421969999998,,74.85549195,,20298045000.0,,,,,,,,,,0.0
YR2009,CAF,4337625.0,1.49251562,622980.0,2079711937.0,480.0,3976761130.0,920.0,46.718999999999994,5.254,141.72299999999996,153.7,56.0,222635.9961,0.058332151809999996,2059094048.0,8.587260426,0.7116283908,38.33386816,24.57368072,9.841649902,21.65259659,13.20417248,19.91045791,18.94036848,83.93225466,,42280000.0,474.7054087,,3.5199021,46.24026342,494.097,474.936,17051.0,1800.0,8020.0,23.88887491
YR2009,TCD,11560147.0,3.311623295,1284000.0,9586075040.0,830.0,18701630678.0,1620.0,50.346000000000004,6.699,188.93599999999998,153.7,36.0,56346.00098,0.04250620688,9253484108.0,4.2176955519999995,-9.558754477999999,46.54939263,13.20989169,35.13835288,41.97111149,30.23108205,19.73435113,51.87235363,149.773958,,374900000.0,800.4642249,,9.952422907,45.07781395,405.79699999999997,369.402,46253.0,7000.0,21161.0,68.99004361
YR2009,CHI,158178.0,1.109317789,197.99999240000002,,,,,81.268,1.578,10.0566,,,8.000000119,,,,,,,,,,,,,,,,,,43.46796374,69.331,46.744,,,,0.0
YR2009,CHL,16886186.0,1.059280301,756096.0156,168009833889.0,9950.0,254255791261.0,15060.0,78.558,1.892,54.5592,8.8,93.0,161932.00199999998,3.9562164010000003,172389498445.0,-1.5642394430000002,4.654764991,3.7411815930000003,34.44017576,37.04077361,29.29642931,21.05836895,97.41822695,57.00405239,177.45185580000003,103939862.0,13855126065.0,10208.90676,-6622247092.0,0.35304517840000005,39.34385436,122.85700000000001,70.663,1863.0,52.0,1333.0,1.13949261
YR2009,CHN,1331260000.0,0.4973814009000001,9562911.25,4901373010476.0,3680.0,11101007524669.0,8340.0,74.119,1.6230000000000002,7.3248,17.0,99.0,1990970.156,6.010102432999999,5101702432883.0,9.399813171,-0.21053390190000001,9.636182036000001,45.95798262,24.49620589,20.18136385,46.51641536,54.89500349,43.27055584,91.09617167,2051656434.0,131057052870.0,3832.2359520000014,-87167067370.0,-0.7281713342,44.22981162,113.17399999999999,77.109,253896.0,6500.0,160873.0,1.289980738
YR2009,COL,44750054.0,1.1124856909999998,1141750.0,229567093000.0,5130.0,445664819594.0,9960.0,75.193,2.033,78.6136,19.1,89.0,589485.3125,1.6237210569999998,232494134120.0,1.205422095,4.244563778,6.687053183,31.3016821,16.41777061,18.72392829,21.48814316,94.21131201,28.28071351,138.0812425,124475460.9,8034565810.0,5195.393376,-4529907907.0,4.201044769,41.72195904,202.921,95.90700000000001,12577.0,660.0,7979.0,5.558749046
YR2009,COM,673252.0,2.408719056,1861.000061,922086354.3,1370.0,1558739990.0,2320.0,61.475,4.813,77.4886,89.8,79.0,395.9999847,0.19608111079999999,901711442.3,3.200113112,1.025797096,30.0330064,12.07332807,9.311938672,28.58498365,17.99068055,18.2095263,24.95255017,69.40887426,591913.7963,13784111.95,1339.337191,-13784111.95,4.362348293,40.89692939,272.834,222.09099999999998,1538.0,85.0,909.0,0.6175867620000001
YR2009,COD,62448574.0,3.31689666,2344860.0,18779553085.0,300.0,36886758779.0,590.0,56.35,6.5870000000000015,130.1996,119.6,72.0,1544464.063,0.028009590739999996,18648373312.0,2.85506401,32.65792915,23.6746667,33.01591566,26.81378781,36.13309155,14.5634354,15.146153699999996,39.681745299999996,115.11449099999999,30900000.0,-243200000.0,298.6196821000001,278000000.0,2.8,49.12150643,312.393,262.887,238041.0,16000.0,94403.0,11.38964933
YR2009,COG,4145391.0,3.2835368419999997,342000.0,7806220438.0,1880.0,14735234321.0,3550.0,59.32100000000001,4.784,119.684,65.1,63.0,224230.0,0.4210681212,9593537551.0,7.4689424839999985,-20.62725465,4.505890479,71.11694931,70.41797712,50.20542228,22.51300625,71.12245865,93.81315237,149.1847641,64095465.27,1184284701.0,2314.266025,-1273827749.0,4.415003748,49.19936166,333.711,306.078,6800.0,810.0,3570.0,8.613805783
YR2009,CRI,4520740.0,1.282650394,51100.0,29340567864.0,6490.0,52704716541.0,11660.0,78.626,1.903,62.0488,10.2,81.0,25821.999509999998,1.7480290840000001,30562363430.0,-0.9705483127,9.827297784,7.0919221079999994,23.64502481,34.84007247,35.33774801,18.43007075,43.14156532,66.02565291,99.84800231,238598200.0,1614614468.0,6760.4780260000025,-1340318000.0,7.842755587999999,37.55527871,121.25299999999999,64.612,631.0,21.0,484.0,0.46023649689999996
YR2009,CIV,20059147.0,2.287160067,322460.0,23284294945.0,1160.0,50085984180.0,2500.0,52.313,5.152,128.9376,111.2,67.0,104034.0039,0.2820748559,24277494337.0,3.2514537189999997,2.34574282,21.20021808,25.04656519,50.85444236,39.92478737,8.696855236000001,65.72716178,75.32490687,150.05769619999995,743407860.2,396030774.0,1210.29545,-386590290.1,1.019504577,38.28104167,439.412,407.86400000000003,57647.0,5300.0,30458.0,30.30344019
YR2009,HRV,4305181.0,-0.1050275167,56590.0,61256620108.0,14230.0,83484286672.0,19390.0,76.16829268,1.58,13.2156,5.7,95.0,19165.99976,4.916384236,62779128128.0,-7.291430906,2.78328288,4.04190251,23.59372098,34.48149694,38.19217644,25.12960313,107.6879222,50.217326899999996,99.74252677,235203658.4,3198815037.0,14582.22735,-1818315456.0,2.378528459,46.08490218,144.96,61.258,209.0,4.0,158.0,
YR2009,CUB,11226709.0,-0.09136526797,109890.0,61972344609.0,5520.0,,,78.256,1.624,50.0234,6.3,99.0,28850.0,2.663028943,62080000000.0,1.451305431,0.6341750207,3.930412371,22.60470361,17.45972938,15.45425258,10.9375,5.53284137,20.4751933,177.0313165,,,5529.67036,,,38.5576795,115.749,75.678,609.0,50.0,364.0,0.9350562481
YR2009,CUW,146833.0,0.6511520618,444.0,,,3979440641.0,27100.0,76.15609756,2.1,36.3304,,,,,,-0.5313099387,1.799999666,0.458352592,16.94504025,60.68401394,84.01832772,,138.3374494,,,,55251396.65,,,1.7533160540000001,,152.447,72.077,,,,0.4845433845
YR2009,CYP,1098083.0,1.515871507,9250.0,25260895324.0,31260.0,26047378288.0,32240.0,79.245,1.443,5.9254,3.8,87.0,1728.3999629999994,7.386876947999999,25942664629.0,-2.015241129,0.2704715925,1.98901868,15.95616897,48.727262599999996,54.07440371,22.86653889,121.1152274,35.04651558,145.8404917,694269818.1,2830582843.0,32105.86748,-2069640308.0,,44.67743292,78.317,39.302,39.0,1.0,27.0,0.0
YR2009,CZE,10443936.0,0.5697294514,78870.0,195213756244.0,18690.0,267930037450.0,25650.0,77.07804878,1.51,10.970999999999998,3.5,98.0,26550.0,10.30832179,206179982164.0,-4.802572091,2.598717443,1.642297277,33.24694707,58.68429978,54.80846904,26.51316949,124.5463764,105.734319,159.67710319999995,2044602212.0,5271613702.0,19741.59763,-1951523283.0,1.0193773529999999,43.39319512,138.751,62.773999999999994,318.0,5.0,197.0,0.0
YR2009,DNK,5523095.0,0.5350790621,43090.0,331855278265.0,60090.0,225023089963.0,40740.0,78.59756098,1.84,5.2958,4.2,84.0,5812.199707,8.058895601,321241303699.0,-4.9065477280000005,0.5290222529,0.8335888556000001,19.95019791,47.12606521,42.62899254,19.08837387,123.65550520000001,55.13518902,150.11640359999996,3390969584.0,3771059440.0,58163.27688,2390253594.0,1.30470991,47.09858934,106.70299999999999,64.92399999999999,221.0,4.0,176.0,0.0
YR2009,DJI,827823.0,1.3946379180000001,23200.0,,,,,59.56100000000001,3.397,23.872,78.7,84.0,55.99999905,0.5581410519,1049110685.0,,,,,,,,15.55598238,50.32834073,102.3520276,5789974.1729999995,96859684.56,1267.312801,-96859684.56,1.675495873,39.15706104,302.078,256.243,1360.0,64.0,824.0,18.32746065
YR2009,DMA,70851.0,0.03387964289,750.0,461885276.5,6520.0,680580696.2,9610.0,,,,19.6,99.0,449.3000031,1.863234111,489074333.3,-1.169757154,8.003847533,12.55133753,11.360827,30.25085863,54.07478391,,139.0241493,52.75271721,117.9641108,8085.185184999998,42420685.56,6902.85717,-42420685.56,0.006263571071,,,,16.0,,14.0,6.2
YR2009,DOM,9576737.0,1.246805455,48670.0,47323824009.0,4940.0,94972263207.0,9920.0,71.806,2.528,101.8132,34.7,84.0,17840.0,2.112115223,48376555306.0,0.9461551678,3.4981465660000004,6.137352516,27.78702354,21.0309281,29.5813545,23.57348335,90.11226893,36.75127319,104.2151246,26900000.0,1695300000.0,5051.465369,-2165400000.0,1.442151318,34.86559717,214.92700000000002,127.55,5886.0,200.0,4766.0,3.796325305
YR2009,ECU,14774424.0,1.628720225,256370.0,60041766420.0,4060.0,127980486904.0,8660.0,74.895,2.6430000000000002,83.2504,19.2,97.0,130202.9004,2.441287187,62519686000.0,0.5664915921,0.6555375592,9.913941346,32.41761483,25.24910794,26.85574109,25.63926505,89.62622164,46.31021339,127.30638049999999,95347865.85,308548890.1,4231.615798,-308629890.1,5.159968292,39.04515948,177.06900000000005,94.881,5239.0,260.0,3060.0,7.476145136
YR2009,EGY,81134798.0,1.864470038,1001450.0,172103621774.0,2120.0,764204949235.0,9420.0,70.15899999999999,3.154,51.9148,30.2,95.0,694.0000153,2.5480368980000003,188982374701.0,4.6735998,11.18554227,12.99794665,35.81644598,24.95682211,31.59662253,19.19017463,68.22255600000001,35.98642472,136.1417629,254800000.0,6711600000.0,2329.23948,-6140400000.0,11.76349544,23.2867504,200.745,124.65299999999999,53366.0,970.0,35052.0,0.6821298763
YR2009,SLV,6157686.0,0.4218583979,21040.0,17341706126.0,2820.0,35515642872.0,5770.0,70.97800000000002,2.31,78.9036,20.2,91.0,2913.999939000001,1.046321459,17601616000.0,-2.08339422,-0.05980220131,6.668592247,24.35969516,23.95120993,42.11999625,14.05461862,122.8748104,63.57938953,187.3552789,20033000.0,368730000.0,2858.4789809999997,-365770000.0,1.055950297,41.11588688,281.772,114.473,2123.0,69.0,1183.0,5.4141024479999995
YR2009,GNQ,901599.0,4.626119686,28050.0,11300350922.0,12530.0,22552090046.0,25010.0,55.32899999999999,5.287999999999999,171.4638,116.1,51.0,16378.00049,5.124695125,15027795173.0,1.343356288,-20.83023096,1.0581997909999998,75.32473243,74.34220994,47.86986717,39.39282565,22.18281076,97.79877774,199.8830834,,1636219625.0,16667.93682,,4.691065677,38.08904499,352.395,311.913,2755.0,110.0,1237.0,5.078556863
YR2009,ERI,3119920.0,1.84846867,117600.0,1501264215.0,480.0,5841037405.0,1870.0,61.602,4.6560000000000015,69.7742,57.6,97.0,15364.000240000001,0.164549091,1856695551.0,3.87650156,29.504507099999998,14.12422744,21.81933914,4.528623859,23.44351776,9.263795978,4.523513423,32.36933484,82.56729922,,91000000.0,595.1099872000002,,,46.65065465,332.32099999999997,261.781,4542.0,660.0,2540.0,71.56416881
YR2009,EST,1334515.0,-0.1927680774,45230.0,19309347760.0,14470.0,26528101754.0,19880.0,74.82439024,1.7,19.9902,5.0,95.0,22376.00098,10.91432018,19652492637.0,-14.72440391,0.4306877662,2.1217169609999997,23.38517925,60.80471139,55.84493381,20.71074032,117.54336200000002,97.63646961,148.65636609999999,92353366.72,1865561410.0,14726.318280000001,-503213311.9,-0.07840831127999999,48.84249370000001,229.24,77.471,60.0,2.0,35.0,0.0
YR2009,ETH,85233913.0,2.7568513219999997,1104300.0,28930389371.0,340.0,80915432772.0,950.0,60.645,5.26,83.165,87.7,59.0,124367.998,0.07778518863,32437389116.0,8.802553198,24.14641529,45.88269426,9.683480442999999,,,0.0,4.753627819,28.62745817,125.9749274,26549565.24,221459581.4,380.5690479,-221459581.4,8.483644045,46.02705186,302.642,256.968,176431.0,20000.0,118481.0,48.75038276
YR2009,FRO,47808.0,-0.025097251980000002,1396.000061,,,,,80.38780488,2.4,,,,0.7999999820999999,12.04231509,2268387771.0,,,10.099830599999999,16.16614312,41.51933293,47.86112527,16.76644245,119.21226570000002,68.11815951,99.90345706,31363117.66,,47447.870039999994,,,,,,,,,0.0
YR2009,FJI,853637.0,0.9742289818000001,18270.0,3295947096.0,3860.0,5922291857.0,6940.0,66.559,2.75,45.507,23.9,94.0,9937.700195,0.9278791805,2870624636.0,-1.386037485,1.390694791,10.0884444,16.67781186,,,,74.97332004,72.10974135,107.3606662,7166443.221,308787797.8,3362.816555,-305388679.4,3.169529752,33.66509641,247.92700000000002,151.091,382.0,8.0,191.0,0.34702570039999997
YR2009,FIN,5338871.0,0.47824639350000003,338420.0,259416667534.0,48590.0,204559096214.0,38320.0,79.7195122,1.86,8.5078,3.2,98.0,222030.0,9.955194272,251499027508.0,-8.269036558,1.877414436,2.225057864,25.75112275,36.27098421,34.26025664,21.22753813,144.1337022,49.20217833,138.8992855,686145307.3,-8826514767.0,47107.15571,4918451853.0,-9.170000000000001e-07,48.45312949,123.904,55.861999999999995,157.0,3.0,107.0,0.0
YR2009,FRA,64707040.0,0.5144895039,549086.9922,2842712384631.0,43930.0,2295992878908.0,35480.0,81.41463415,2.0,7.007999999999999,4.3,89.0,163114.0039,5.438357063,2690222283968.0,-2.87331385,0.06662749809,1.323161997,18.30484264,24.83554721,25.62690364,21.33315982,92.60523577,38.86868406,144.51696230000005,11757105610.0,18380195793.0,41575.41875,70242406326.0,0.08762047816,47.17709921,118.419,55.372,2844.0,76.0,1844.0,0.0
YR2009,PYF,265254.0,0.4507720432,4000.0,,,,,75.363,2.121,41.3528,,,1500.0,3.1934560839999997,,,,,,,,,78.51380187,,83.77699062,64302037.17,21843717.56,,-14049750.89,,41.68745932,142.582,84.06700000000002,,,,
YR2009,GAB,1568928.0,3.264323666,267670.0,11878817291.0,7570.0,20183177852.0,12860.0,60.637,4.164,112.5326,65.4,63.0,220000.0,2.708889764,12065138273.0,0.1303311198,-18.074535100000002,5.044169793,50.44675323,52.17173218,31.33284524,27.98111336,92.41979237,65.12150812,158.0209866,253478346.0,635674956.8,7690.052234999999,-392175723.1,1.885707546,39.89512332,289.1040000000001,283.245,2236.0,170.0,1342.0,2.521898432
YR2009,GMB,1740279.0,2.974008271,11300.0,935901248.4,540.0,2450299619.0,1410.0,59.333999999999996,5.612,98.4272,79.9,96.0,4782.0001219999995,0.2191418732,900639534.0,6.449695912999999,5.179127144,26.21874651,12.53029795,25.35316915,41.91357253,19.61395591,75.44043225,41.08191857,103.1477965,8412067.919,39447343.71,517.525945,-39447343.71,4.561581547,43.08161994,304.327,250.56799999999998,3394.0,480.0,2303.0,2.78116757
YR2009,GEO,3814419.0,-0.8881850428,69700.0,11165694253.0,2930.0,23828723929.0,6250.0,71.18,1.8659999999999999,51.1128,15.6,83.0,28124.19922,1.636221401,10766776414.0,-3.6505139939999998,-2.136554404,8.101346054,18.92649242,29.73957656,48.93428074,13.02609933,68.86768132,52.32763998,137.23294009999998,33609069.11,658217023.1,2822.651737,-682716945.9,,45.54675698,256.47700000000003,91.65,770.0,24.0,616.0,0.1454421374
YR2009,DEU,81902307.0,-0.2533834102,357120.0,3588451628671.0,43810.0,3102023577577.0,37870.0,79.83658537,1.36,9.0878,4.3,97.0,114040.0,8.818595562,3418005001389.0,-5.618860435,1.7569941999999998,0.660412636,24.94764824,37.80220138,32.86284488,18.06745574,129.78992659999997,59.87083106,148.5497921,15322978953.0,56668665258.0,41732.70725,42985133316.0,0.3127376299,45.46257918,103.586,54.228,2393.0,39.0,1592.0,0.0
YR2009,GHA,24170940.0,2.54383881,238540.0,28651164855.0,1190.0,67051659554.0,2770.0,60.645,4.311,72.9586,73.2,93.0,91665.99609,0.3188967413,25977847814.0,4.844486998,15.66656868,30.99338421,18.51409213,29.29186598,42.30287255,16.43179311,62.50859917,53.45323485,168.46699119999997,,2372540000.0,1074.75538,-2365640000.0,19.25071443,47.79299706,279.86,242.65900000000002,38289.0,2700.0,24353.0,19.85281853
YR2009,GIB,33565.0,0.01787736135,10.0,,,,,,,,,,0.0,13.76558916,,,,,,,,,85.20780575,,59.80810194,,,,,,,,,,,,0.0
YR2009,GRC,11107017.0,0.2630264013,131960.0,325785814568.0,29330.0,329782253258.0,29690.0,80.18780488,1.5,10.2034,3.9,99.0,38728.00049,8.277892345,330000252153.0,-4.300733667,2.569771121,2.804954284,15.31347071,18.9821867,28.76165985,18.33789732,121.31365109999999,27.24755494,132.3304631,1844438806.0,2766296835.0,29710.9703,-324724736.3,1.210084518,41.65067516,106.57,45.326,357.0,3.0,226.0,0.0
YR2009,GRL,56323.0,-0.008876974022999999,410450.0,,,,,70.46780488,2.359,,,,2.199999988,10.221738900000002,2529948330.0,0.8659523289,5.538635432,11.58315392,17.98301236,30.73111747,55.02551096,32.21311234,94.25327879999999,43.55820185,72.83701167,,,44918.56488,,,,,,,,,0.0
YR2009,GRD,105789.0,0.3152739954,340.0,710521260.6,6720.0,1045684105.0,9880.0,72.96,2.262,39.588,14.2,98.0,169.8999977,2.391770411,771275555.6,-6.613281347999999,-0.009899798449,4.626424528,14.72587018,24.27631667,46.80293924,,108.1624744,40.322813000000004,88.69997087,1496148.148,102556363.0,7290.6971,-102556363.0,-0.3086547796,,200.415,108.705,23.0,1.0,15.0,3.0278538810000004
YR2009,GUM,159226.0,0.11939849720000001,540.0,,,,,77.71,2.509,43.7632,,,250.0,,4781000000.0,0.31472933280000004,3.13784895,,,17.52771387,55.19765739,,,,104.0755812,,,30026.50321000001,,,40.65861177,92.90700000000001,53.905,,,,0.5499
YR2009,GTM,14316263.0,2.187979669,108890.0,37544274844.0,2620.0,90100659907.0,6290.0,71.108,3.471,84.9064,36.4,92.0,37651.99951,0.8278517934,37734072278.0,0.5260429828000001,3.5432992530000003,11.65779656,27.08269307,23.97532479,33.13053746,13.05303756,120.89369270000002,49.676589,172.5326649,21976700.0,696452714.3,2635.748748,-573677825.1,1.8591025469999998,34.47687103,234.65400000000002,128.017,12021.0,530.0,6812.0,8.958997391
YR2009,GIN,9964469.0,2.290858042,245860.0,6345085863.0,640.0,14469336768.0,1450.0,56.278999999999996,5.4170000000000025,151.5766,119.8,53.0,65800.0,0.2270606693,6716904569.0,-1.117638595,1.765879624,16.36061888,32.28872839,22.51579108,47.29956289,21.30661486,35.0144097,31.41327941,102.5027391,44870000.0,91030000.0,674.0855502000003,-140850000.0,4.68438869,53.07661163,312.6,277.8,29722.0,3000.0,14141.0,20.37575186
YR2009,GNB,1483921.0,2.52396916,36130.0,830359928.6,560.0,1991758388.0,1340.0,54.113,5.11,115.198,119.8,69.0,20320.0,0.1581539718,826798659.8,3.368974958,-2.458157949,43.99991803,13.36106536,18.84933774,35.22253799,10.80213113,37.76110723,39.18729139,83.40471588,20190171.03,18890200.0,557.1716147999998,-17540200.0,-1.651397336,48.2385561,314.578,266.434,4342.0,470.0,2730.0,25.01925989
YR2009,GUY,747718.0,0.1205726342,214970.0,2031546918.0,2720.0,4092161389.0,5470.0,67.792,2.6839999999999997,88.7722,38.2,97.0,165811.9922,2.0941170330000003,2061323854.0,3.5521582639999996,4.001840295,20.85716936,27.17937618,48.93281986,73.12051159999999,26.17843342,65.33653062,93.33807477,118.45264640000002,85624875.03,164000000.0,2756.819889,-164000000.0,2.952300964,33.17693512,259.317,176.766,496.0,30.0,368.0,0.9047012881000001
YR2009,HTI,9798046.0,1.557952965,27750.0,6676531059.0,680.0,15418932671.0,1570.0,60.148,3.5010000000000003,60.4802,81.5,63.0,1018.000031,0.2316658852,6584649419.0,3.0832478610000003,3.7023171919999998,22.31815731,50.05136837,15.71001941,42.57428699,27.49253397,37.23191338,41.00446095,213.82746459999998,134824003.8,55470000.0,672.0369979,-55470000.0,0.3938860402,47.62973404,298.334,235.718,16373.0,1300.0,7935.0,26.87205746
YR2009,HND,8150775.0,2.105493627,112490.0,13226772554.0,1620.0,29052515218.0,3560.0,73.061,3.063,89.1612,24.6,98.0,53120.0,0.9659264303,14486137414.0,-2.43162788,7.653732422999999,10.82504149,26.021959699999996,39.53025082,57.3747552,20.59944375,102.9442599,84.21154412,121.26640159999998,27187940.39,494497450.5,1777.271169,-505263098.5,5.496342737999999,34.49348555,182.292,128.859,4378.0,160.0,2815.0,11.98480634
YR2009,HKG,6972800.0,0.2153533343,1100.0,225575689065.0,32350.0,315642283461.0,45270.0,82.77560976,1.055,3.0114,,,,6.044701985,214046415026.0,-2.459131804,-0.37542197369999997,0.06569252883,6.871197442000001,178.1350554,170.2624989,21.84686409,181.9180111,318.46503939999997,97.92273388,413326243.8,54275707074.0,30697.34038,3667674307.0,0.5765199161,46.77798742,74.169,38.521,,,,0.0
YR2009,HUN,10022650.0,-0.154908814,93030.0,133779781925.0,13350.0,197636041917.0,19720.0,73.90487805,1.32,19.8524,6.2,99.0,20334.00024,4.840111448,130593960612.0,-6.600993646,4.039689541,2.966379364,25.07759057,74.41039798,70.37099213,20.29754164,118.40501259999999,123.10599909999999,143.28095080000003,1192171514.0,-2967152013.0,13029.88338,-825238300.6,4.211711712,45.58522096,228.46099999999998,98.90299999999999,492.0,12.0,326.0,0.0
YR2009,ISL,318499.0,0.341241979,103000.0,13329417904.0,41850.0,10700033108.0,33600.0,81.75121951,2.23,12.324000000000002,2.7,92.0,414.5999908,6.447492771,13164652894.0,-6.77721505,10.87530015,5.740636307000001,19.63505402,48.64495172,39.82955163,15.00518111,107.48365829999999,58.19371055,84.30527979,68069903.32,63588140.75,41333.41987,2208552245.0,12.00312985,46.91149518,73.242,39.946,10.0,0.0,6.0,0.0
YR2009,IND,1217726215.0,1.4105823,3287260.0,1358351379651.0,1120.0,4873764181836.0,4000.0,66.244,2.661,37.9562,61.4,78.0,693737.9688,1.427780473,1341886699393.0,7.861882372,7.040387019,16.74426407,31.12136877,20.40051791,25.87234841,39.25680529,43.12053018,31.45653058,95.01264904,2889988305.0,35581372930.0,1101.9609189999999,-19485789183.0,10.88235294,23.75727541,227.028,162.481,1249875.0,60000.0,876272.0,47.432443400000004
YR2009,IDN,238620563.0,1.3292181779999999,1910930.0,512965798113.0,2150.0,1799110414076.0,7540.0,68.85300000000001,2.492,51.093,35.5,74.0,951170.0,1.870792581,539580085612.0,4.628871183,8.274752432,15.29014815,47.65212258,24.15911967,21.3530017,30.98519241,68.59298249,39.55520333,118.5333591,2701592136.0,4877369178.0,2261.2472239999997,-2628247483.0,4.38641555,37.91729947,214.829,156.165,145566.0,12000.0,91819.0,19.75124763
YR2009,IRN,72924837.0,1.108950735,1745150.0,402585519489.0,5520.0,1224125332145.0,16790.0,73.457,1.821,32.7494,20.7,99.0,106919.8047,7.600675899,414059094949.0,1.007385458,4.5985169169999995,6.924489615,43.096517299999995,22.71148914,20.98809109,40.89817092,72.06735340000002,31.29939701,132.1667449,,2983421910.0,5677.888522,,13.55155483,18.57143005,143.049,82.27,22905.0,330.0,16692.0,0.595028291
YR2009,IRQ,28973162.0,2.048283545,435240.0,120478961289.0,4160.0,365882657678.0,12630.0,68.34,4.374,76.10600000000002,35.8,81.0,8250.0,3.608379714,111660855043.0,3.379299094,-19.52120051,5.229933191000001,51.98979242,39.40011026,39.28726856,11.29880848,69.43279439,71.97329805,158.72776090000005,26700000.0,1598300000.0,3853.940935,-1526400000.0,6.873615472000001,14.41393124,223.667,135.99,28604.0,740.0,20154.0,2.064019637
YR2009,IRL,4535375.0,1.015663276,70280.0,212280489222.0,46810.0,157804241154.0,34790.0,80.1902439,2.06,14.0786,4.3,90.0,7194.799805,8.889010942,236316405946.0,-5.079212701,-4.5622120719999995,0.55405218,25.4765688,93.23670607,79.76203157,20.2343384,104.6705407,75.59018143,144.48353490000005,2550787027.0,53974309647.0,52105.152480000004,540847188.8,-4.4781033919999995,44.26127801,92.992,54.998999999999995,259.0,5.0,176.0,0.0
YR2009,IMN,84376.0,1.0340565320000001,570.0,5643927520.0,66890.0,,,,,,,,34.60000038,,5487083658.0,2.1,6.962633015,0.7015299423,10.97619386,,,,,,,,,65031.33187,,,,,,,,,
YR2009,ISR,7485600.0,2.390207338,22070.0,204151761257.0,27270.0,200933910084.0,26840.0,81.40487805,2.96,13.04,4.7,97.0,1541.999969,8.612472881,207451779086.0,1.164349499,4.06597977,1.8148486259999999,20.78998023,33.33224515,30.69630681,18.25074956,125.47923970000001,46.86052847,101.71341679999999,3464500000.0,4606900000.0,27713.44703000001,-2855800000.0,3.328907436,46.52068651,78.558,45.303999999999995,573.0,6.0,370.0,0.0
YR2009,ITA,59095365.0,0.4556134496,301340.0,2227281089686.0,37690.0,2038366547194.0,34490.0,81.63658537,1.45,6.557,4.1,90.0,89742.00195,6.7956514860000015,2185160183384.0,-5.48205504,1.957826338,1.7896870980000001,21.93330533,22.47659593,23.13252081,19.39261925,152.3254107,37.61802024,153.3496603,14402098597.0,16607196345.0,36976.84553,1761981448.0,0.7747681314,40.89247838,76.342,41.986000000000004,1951.0,13.0,1386.0,0.0
YR2009,JAM,2795837.0,0.5006004847,10990.0,12076075183.0,4320.0,20922077237.0,7480.0,74.071,2.2119999999999997,68.7184,18.8,88.0,3375.19989,2.768772643,12067478478.0,-4.336650187,11.64640691,5.4722678789999994,18.09085934,34.47959621,52.40552812,21.05626776,105.73080619999999,52.86937128,87.94535865,268997711.4,485164640.1,4316.231053,-479765232.9,9.573787278,44.35366069,177.041,107.273,812.0,40.0,682.0,0.7992854720999999
YR2009,JPN,128047000.0,-0.012494631229999999,377946.9922,4967603590411.0,38800.0,4354890214697.0,34010.0,82.93146341,1.37,4.86,3.3,94.0,249598.0078,8.620816388,5231382674594.0,-5.4164127970000004,-0.6112725594,1.082612702,27.27246727,12.52091416,11.96998576,21.32367452,90.4633869,21.65201956,74.37145174,3932046367.0,12226471579.0,40855.175639999994,61450645281.0,-1.35283673,41.59181593,84.319,41.63399999999999,2702.0,68.0,1288.0,0.0
YR2009,JOR,6893260.0,5.009055408,89320.0,23090797723.0,3350.0,65515235567.0,9500.0,73.266,3.7060000000000004,29.6014,20.9,95.0,975.0,3.175854385,23974612130.0,5.47658105,2.3006770309999998,3.7945640660000004,30.69772914,46.20190611,68.7469114,28.32274385,87.24995140000001,85.97010825,124.44139579999998,502253521.1,2413098592.0,3477.9787979999996,-2340704225.0,-0.7397386198999999,17.75600722,134.142,99.652,3586.0,110.0,2524.0,0.16189088199999999
YR2009,KAZ,16092822.0,2.637004543,2724901.875,109131807198.0,6780.0,263596957161.0,16380.0,68.42926829,2.55,29.3558,22.4,99.0,33146.000980000004,13.25676292,115308661143.0,1.2,4.691085073,6.146884987000001,38.43148085,41.83842245,33.92764502,29.41456452,106.35911340000001,62.09854428,161.8888149,2934061284.0,14275888207.0,7165.223175,-10083300957.0,7.3160785829999995,48.95061059,350.791,143.49,6980.0,87.0,4348.0,0.03949299989
YR2009,KEN,40901792.0,2.750846669,580370.0,36649690185.0,900.0,91333029719.0,2230.0,59.931999999999995,4.482,92.7164,59.6,88.0,41933.999019999996,0.3019539095,37021512049.0,3.306939815,11.63730368,23.36040099,18.74914446,20.03262925,30.83101232,19.33262283,47.34403568,39.61210439,99.18187309,60803848.02,116257609.0,905.1317861,-70269794.39,9.234125923999999,47.37187832,336.098,269.863,58175.0,6900.0,34451.0,13.59570264
YR2009,KIR,100930.0,2.172441727,810.0,191663703.8,1900.0,243191331.1,2410.0,65.48,3.859,24.7964,65.6,82.0,121.49999620000001,0.399653225,132420059.3,0.8027515094,0.1700081949,26.6106756,10.33400279,15.62557056,86.28032440000001,,9.815713861,55.12759955,89.4391558,556991.4562,4995548.978,1311.999002,-4944767.456,9.816438845,,248.65099999999998,168.52599999999995,146.0,3.0,78.0,38.01740286
YR2009,PRK,24428341.0,0.48503451259999997,120540.0,,,,,69.185,1.943,0.498,31.0,98.0,57926.00098,2.893268847,,,,,,,,,0.283527236,,82.83118202,,86348000.0,,,,47.94734874,191.503,117.958,8464.0,390.0,5725.0,0.0
YR2009,KOR,49307835.0,0.5146828275,99900.0,1037380988815.0,21040.0,1393348976504.0,28260.0,79.96829268,1.149,1.9058,4.3,93.0,62286.00098,10.32010949,901934953365.0,0.7075099464,3.54229743,2.347244674,33.26623298,47.54976045,42.86287720000001,28.465657699999998,97.15641094,76.12733018,61.31253241,7491900000.0,9021900000.0,18291.9196,8378600000.0,2.7566864769999997,40.84173101,107.806,44.218,1682.0,72.0,822.0,0.0
YR2009,XKX,1761474.0,0.8031718448,10887.0,5709842327.0,3240.0,13366887904.0,7590.0,69.64878049,2.34,,,,,,5653792720.0,3.341665533,1.421784351,14.13387065,23.81049735,17.07538824,51.95105170000001,31.14310989,32.30209935,,,155674358.1,403147913.1,3209.694109,-388555746.4,-2.410264017,,,,,,,
YR2009,KWT,2821045.0,6.028276352000001,17820.0,129674446849.0,45970.0,243412517556.0,86280.0,74.16199999999998,2.291,11.7878,10.7,99.0,61.10000134,30.94737447,105899930507.0,-7.076102616,-17.21634884,0.262484415,,59.46912527,29.39497342,17.97690137,92.81712982,69.78285977,152.0893615,11749212892.0,1113588047.0,37539.25602,7468230975.0,4.609595484,29.29683978,87.906,55.378,520.0,6.0,322.0,0.0
YR2009,KGZ,5383300.0,1.207265644,199949.0039,4654912666.0,860.0,14215870380.0,2640.0,69.10243902,2.9,35.4548,31.6,99.0,7154.60022,1.261546635,4690062255.0,2.8862947,4.035303735,18.76073747,23.63572933,54.69834696,78.68080621,27.27035541,84.11184488,100.48907120000001,114.0619242,107496106.5,189377400.0,871.2243892999999,-189644600.0,6.8365624810000005,42.18104546,283.454,129.123,3721.0,110.0,2434.0,0.04657982943
YR2009,LAO,6148623.0,1.6728716069999998,236800.0,5496358600.0,890.0,22845158846.0,3720.0,63.797,3.234,70.2898,71.5,59.0,176263.9063,0.2045630379,5832915387.0,7.501774912999999,-2.932073533,24.20537708,25.16309379,30.08306968,46.84775654,33.93847055,52.60758384,43.1002309,94.22971881,22370007.92,318598209.1,948.6539322999997,-318598209.1,0.141187675,50.39079225,243.7,200.05200000000002,8958.0,530.0,4987.0,38.86577463
YR2009,LVA,2141669.0,-1.6510249680000002,64560.0,29988897170.0,14000.0,38689381426.0,18070.0,73.0804878,1.46,17.011,8.3,92.0,33426.000980000004,3.376490018,26169854045.0,-14.40169178,-9.679660604,3.305011162,21.05256113,42.60288094,44.22354061,21.98608107,107.40470490000001,66.92051079,155.9674618,672834122.6,-32391422.09,12219.373790000001,-160862601.2,3.534106729,49.82915908,268.97900000000004,102.465,156.0,6.0,101.0,0.0
YR2009,LBN,4813026.0,1.008281138,10450.0,33126909548.0,6880.0,63541981248.0,13200.0,78.161,1.9380000000000002,15.6184,10.8,80.0,1368.200073,4.336682162,35477299024.0,10.05447737,10.29365481,3.928418169,15.68097266,33.6987884,57.20471273,27.12286624,49.66349652,58.51911101,104.7456411,5749154020.0,4803602660.0,7371.100639,-3677830199.0,1.195096712,23.27095576,81.577,57.538000000000004,740.0,19.0,513.0,0.075
YR2009,LSO,1990131.0,0.150958226,30360.0,2443618383.0,1230.0,5778542044.0,2900.0,44.146,3.3280000000000003,87.7334,107.2,84.0,437.99999239999994,1.1147683240000001,1773199523.0,2.154308341,1.2464608259999999,6.0397346370000005,33.5859797,43.94768547,112.05179240000001,29.160061699999996,33.21389396,145.72528169999995,81.63228213,4929861.978,91349553.1,890.9963832999997,-91349553.1,7.379439352,47.05159719,594.056,523.547,4667.0,360.0,2272.0,35.72171818
YR2009,LBR,3754133.0,3.974256763,111370.0,1611058996.0,430.0,3591682233.0,960.0,58.971000000000004,5.062,140.3248,101.2,83.0,43590.0,0.137727406,1768000000.0,5.300539377,-2.7228421010000003,58.03574661,5.009739819,15.26468326,94.94700226,19.45461538,28.90313156,39.59276018,110.48919009999999,1008165.6059999999,127803424.5,470.94761960000005,-217803415.7,7.4276430589999975,47.88118595,291.454,252.873,10049.0,1000.0,4278.0,46.84090544
YR2009,LBY,6133984.0,1.23412792,1759540.0,74141267366.0,12090.0,170066053014.0,27730.0,72.12899999999998,2.485,6.2,17.6,98.0,2170.0,9.452084811,63028320702.0,-0.7901418316,-25.31279599,,,59.23600739,42.82206415,,155.43064669999995,79.19297142,151.3266925,1361000000.0,1371000000.0,10275.26656,-206000000.0,2.459900256,21.80578524,167.11599999999999,100.697,1998.0,71.0,1251.0,0.0
YR2009,LIE,35727.0,0.7191244227,160.0,4159694648.0,116430.0,,,81.5,1.71,,,,69.00000095,1.436952445,4504549214.0,-1.157481822,-9.900663628,,,,,,97.96512442,,,,29934896948.0,126082.4926,,,,,,,,,0.0
YR2009,LTU,3162916.0,-1.1103457540000001,65300.0,39316436083.0,12430.0,58465191778.0,18480.0,72.91463415,1.5,16.7232,6.7,96.0,21601.999509999998,3.958100057,37440673478.0,-14.81416332,-3.295134066,2.5329093990000002,25.0566396,51.9391993,53.61938276,12.37116988,156.6493173,92.83486853,148.75536340000005,679268079.8,17980648.77,11837.391029999999,234967647.1,4.453060068,50.37505829,286.847,99.772,168.0,3.0,97.0,0.0
YR2009,LUX,497783.0,1.85177523,2590.0,35450936366.0,71220.0,27740237257.0,55730.0,80.63658537,1.59,8.3372,3.1,96.0,866.9999695,20.87712517,51370543206.0,-4.358607005,1.398017695,0.25327696489999996,11.52200463,164.06950659999995,131.9032996,16.2120164,145.00722019999995,90.84778374,125.1412836,10724950984.0,27255154249.0,103198.6693,19216072628.0,0.3680419979,43.25956335,92.15,54.275,14.0,0.0,9.0,0.0
YR2009,MAC,526400.0,2.143050933,29.50000048,19231154082.0,36530.0,36985305901.0,70260.0,82.462,1.048,3.29,,,,3.935894757,21475520709.0,1.321130535,0.8769876531999999,,7.3547679729999995,78.92014207,35.22835298,18.60183009,197.0706687,26.59772528,90.83005394,666659708.6,-412628142.4,40796.96183,-180747593.7,1.169351365,48.78053343,70.872,29.59800000000001,,,,
YR2009,MKD,2069039.0,0.08345518467,25710.0,9529429244.0,4610.0,22421860245.0,10840.0,74.484,1.464,19.6258,10.9,96.0,9934.000243999999,4.203943957,9401731496.0,-0.358614857,0.2950776142,10.37016849,18.97270285,32.80554336,54.37145159,25.74248352,93.91877098,82.76135097,96.35312849,26302033.0,259530321.5,4544.008835000001,-185527828.1,-0.7396339631000001,38.57552984,140.713,76.024,221.0,2.0,166.0,0.4202533833
YR2009,MDG,20569117.0,2.823486815,587040.0,8490617908.0,410.0,28001757651.0,1360.0,62.943999999999996,4.689,128.5772,70.0,63.0,126100.0,0.08610777992999999,8550363975.0,-4.0138605830000005,8.36281708,26.84322668,18.55797115,22.36939044,51.62728555,34.76421367,30.54967795,49.71718178,73.12340465,49537321.83,1293330142.0,415.6894034,-1267146401.0,8.954218024,49.361940600000004,272.671,223.59900000000002,34390.0,3500.0,17793.0,41.74132187
YR2009,MWI,14128155.0,2.874008503,118480.0,5794277103.0,410.0,14059005921.0,1000.0,53.88800000000001,5.4910000000000005,150.414,93.2,92.0,32700.0,0.06696458242,6191127665.0,8.328110276,7.899822531,30.42900297,15.33052786,20.02865348,31.65441902,24.46288532,17.59356406,51.84838972,97.25628516,13316856.98,49130854.84,438.2120429,-50460877.98,8.422044277000001,48.9749272,475.53,369.652,32881.0,2700.0,17300.0,10.27024884
YR2009,MYS,27735040.0,1.815674781,330800.0,210840912448.0,7600.0,524162388642.0,18900.0,74.305,2.169,12.9072,7.9,95.0,218771.9922,7.170571162000001,202257586268.0,-1.513528719,-5.99209755,9.219069272999999,38.46347007,91.41680218,71.14224525,17.83572807,108.6856193,138.9322424,95.66133459,6528552508.0,114664434.6,7292.493044,6626128852.0,0.5833084056,34.95830597,166.898,88.931,3232.0,140.0,1914.0,0.638627143
YR2009,MDV,353398.0,2.854753665,300.0,1929965973.0,5460.0,3520151707.0,9960.0,75.499,2.231,13.5194,14.9,98.0,10.0,2.500713077,2345294875.0,-7.228841465,11.28683318,5.419481767000001,9.620246846,73.00564890000003,63.10643327,,129.53384,48.26685173,91.70790267,190152900.0,157963586.8,6636.412415999999,-157963586.8,4.530176591,31.97580545,89.85700000000001,64.53399999999999,91.0,5.0,60.0,4.649587636000001
YR2009,MLI,14581429.0,3.261149086,1240190.0,9795343631.0,670.0,25317355585.0,1740.0,54.756,6.612,182.8434,136.4,73.0,51890.0,0.05532653897999999,10181021770.0,4.6790657,5.175462393,31.76663847,24.39085324,21.73447722,28.83395575,22.02099748,30.59057518,41.842558600000004,142.90295790000005,166904464.5,646609200.6,698.2183825000003,-749365254.6,2.463751886,43.29873323,297.399,278.0,53036.0,4500.0,27401.0,13.33049053
YR2009,MLT,412477.0,0.753906931,320.0,8052581814.0,19520.0,10046578423.0,24360.0,80.24146341,1.42,16.1334,6.8,82.0,3.49999994,5.814186003,8528202278.0,-2.462277722,2.690049278,1.4824227019999998,17.68481413,147.73564,149.23924019999995,20.76532108,102.55885040000001,86.00874792,187.937499,1861273888.0,1444129815.0,20675.58259,-7540424529.0,2.084327461,34.21828567,72.383,40.614000000000004,23.0,0.0,18.0,0.0
YR2009,MHL,56250.0,0.1352024685,180.0,194383121.9,3460.0,209564509.0,3730.0,,,,39.1,78.0,126.4000034,1.825351111,152617500.0,-1.63596768,1.54926295,12.21281963,11.61190558,33.70026373,103.5832064,37.06971833,,82.55933953,99.42931891,4432601.278,14649434.96,2713.2,-14649434.96,,,,,54.0,,31.0,10.8944385
YR2009,MRT,3393409.0,2.905320265,1030700.0,3813299957.0,1120.0,11221261167.0,3310.0,62.26600000000001,5.019,83.0904,99.8,59.0,2470.0,0.6256814313,3662282133.0,-1.042081704,1.121312586,24.11179392,33.05834161,40.94227984,56.75960833,34.85517397,64.30845795,78.14799341,138.5094481,,-3072044.396,1079.233931,,2.220920324,30.46950871,237.2,190.8,7719.0,1000.0,4953.0,42.74913941
YR2009,MUS,1247429.0,0.2655376728,2040.0,9729857867.0,7800.0,18593829590.0,14910.0,72.88243902,1.59,32.2744,15.4,99.0,383.60000610000003,2.97492202,9128843109.0,3.31507699,-0.6542008339000001,3.880639987,23.34964834,47.67716859,56.75256036,23.76574946,87.35979601,62.13273612,111.83363870000001,10257767.1,256680711.8,7318.12641,-218842081.5,2.516091281,36.63980617,205.88,100.975,214.0,9.0,140.0,0.1079629523
YR2009,MEX,112463887.0,1.476757594,1964380.0,992380613668.0,8820.0,1609779367702.0,14310.0,75.128,2.364,68.565,17.9,96.0,666150.0,4.232033444,900045350649.0,-5.285744137,3.947662895,3.2414941410000004,31.89409385,27.15499933,28.81277043,22.88891649,73.97358941,52.35591736,103.0453297,,19368616146.0,8002.972106,-8204810134.0,5.297355842,36.53809388,152.064,85.946,34964.0,1200.0,18818.0,5.037282558
YR2009,FSM,102975.0,-0.5500745040999999,700.0,290146358.3,2820.0,343299138.3,3330.0,66.29,3.522,22.678,41.2,86.0,640.9999847,1.566865744,279966700.0,1.177192743,5.265253523,25.06062328,6.888962152,21.8504915,85.63814911,,26.70551105,70.36551133,97.28042798,15247400.0,,2718.7832,,6.393602577,,185.618,158.384,85.0,3.0,53.0,9.5
YR2009,MDA,3565604.0,-0.12623829539999998,33850.0,5596685297.0,1570.0,16105054623.0,4520.0,69.119,1.268,26.6052,17.4,90.0,3813.9999390000003,1.276290637,5439422031.0,-6.000000259,2.17013051,8.49746275,17.16287409,36.87212252,73.49120433,23.14189738,52.13909982,83.85082043,77.90018732,86950000.0,258190000.0,1525.5261189999999,-264590000.0,-0.06271859671,48.41464715,284.737,130.238,669.0,13.0,584.0,0.08602349412999999
YR2009,MCO,35226.0,1.0100231370000001,2.0,,,,,,,,4.1,92.0,,,5451653237.0,-11.31750715,0.07660048238,,,,,,65.29268154,,,,,154762.1994,,,,,,1.0,,1.0,0.0
YR2009,MNG,2673796.0,1.579392665,1564120.0,4782221505.0,1790.0,18222064353.0,6820.0,66.916,2.541,22.1554,28.6,94.0,126929.5996,4.900220883999999,4583850368.0,-1.268598941,1.8267036890000001,17.86443807,30.05655853,50.27799933,57.53575784,34.37094592,84.11348509999998,88.00461787,164.3065965,83443648.92,623609218.2,1714.360545,-569803704.0,7.5867175489999985,46.01360539,319.20099999999996,151.265,1488.0,47.0,962.0,11.97056789
YR2009,MNE,618294.0,0.2145292959,13810.0,4166344575.0,6740.0,8067596672.0,13050.0,74.78399999999998,1.78,16.5622,7.2,86.0,7867.9998780000005,2.953556075,4159328980.0,-5.7950928589999995,2.407873684,8.268186653999999,17.34876256,34.33087777,65.09418364,26.94315246,207.7518023,64.93835936,,25922806.13,1549312935.0,6727.10552,-1503532215.0,3.4667237319999997,43.99102759,151.188,85.652,52.0,1.0,38.0,0.1461689879
YR2009,MAR,31929087.0,1.23619458,446550.0,93438161542.0,2880.0,194922130960.0,6020.0,74.003,2.556,33.075,33.5,98.0,56177.99805,1.643708259,92897320376.0,4.243757321,0.1469122273,13.02861922,24.23822585,28.00317442,39.91192853,35.04622015,79.2717969,50.52352405,106.45789189999999,60109315.81,1970323920.0,2866.924199,-1491300236.0,0.9718629987,26.47310749,95.541,78.7,19268.0,670.0,14053.0,12.62719927
YR2009,MOZ,22894710.0,2.7369258889999997,799380.0,11252902854.0,490.0,19662755748.0,860.0,51.738,5.454,166.1548,108.2,80.0,391933.9844,0.11051592269999999,10911698204.0,6.351970259,1.0761266,27.90098017,17.65698105,29.96951344,41.27723157,14.1005309,26.07930391,54.17121963,91.34752729,65747044.09,930100407.8,476.60346889999994,-895589396.6,,53.66168214,421.126,356.4,68111.0,4100.0,31882.0,42.5189255
YR2009,MMR,50250367.0,0.6402995946,676590.0,32236961694.0,640.0,164788848094.0,3280.0,63.089,2.412,31.8078,66.0,87.0,320825.9961,0.20359911,36906181381.0,10.5500091,4.878599246,38.10812061,24.5320051,0.10271275099999999,0.06470488788999999,18.86645313,0.9990076290000001,29.83240094,116.5948389,,1078972201.0,734.4460067000001,-1078972201.0,1.472343114,41.89860287,241.645,183.13099999999997,51512.0,2800.0,29667.0,9.401078014
YR2009,NAM,2081044.0,1.8257539980000002,824290.0,8869142230.0,4260.0,16472660656.0,7920.0,55.207,3.62,80.2276,50.7,76.0,73642.00195,1.47487463,8876191121.0,0.2959708996,6.962891352000001,8.253227706,29.12274653,52.34676072,73.13079753,26.45273101,78.40180217,91.54827661,120.99627199999999,68067284.63,835814906.9,4265.258745,-772280955.7,9.451726515,48.04329613,470.13199999999995,413.275,2352.0,170.0,1071.0,52.02064871
YR2009,NRU,9939.0,0.4841159228,20.0,45951210.1,4620.0,66412206.85,6680.0,,,,39.3,99.0,0.0,4.058456585,44294351.76,8.659698371000001,26.15151532,,,,,,,,169.35753359999995,,1389000.0,4456.620562,,,,,,10.0,,8.0,2.0685190330000003
YR2009,NPL,26883535.0,0.8103071425,147180.0,12953637106.0,480.0,50165383328.0,1870.0,67.178,2.6439999999999997,83.7664,49.3,90.0,36360.0,0.1612285735,12854985464.0,4.53307872,15.90833021,31.32265206,15.06680347,12.41935419,34.66009358,31.67437709,20.82270803,40.50568563,76.66864755,12297855.77,38271269.97,478.1731816000001,-38271269.97,11.09482374,49.13495614,202.017,161.92700000000005,24159.0,2000.0,17709.0,42.33896124
YR2009,NLD,16530388.0,0.5142845448,41540.0,887154096370.0,53670.0,729474044119.0,44130.0,80.54878049,1.79,4.9556,4.6,96.0,3713.9999390000003,10.42752306,868077243679.0,-3.6668840069999997,0.2207016831,1.553192647,20.30849399,62.23701352,54.65253616,20.72123833,121.1869841,108.40556029999999,144.6246653,11662470564.0,95931335754.0,52514.02712,44369432327.0,1.18977687,45.65813763,75.442,55.941,714.0,14.0,530.0,0.0
YR2009,NCL,245950.0,1.309615607,18580.0,,,,,76.9804878,2.2,19.6136,,,8390.0,12.09163245,,,,,,,,,83.80950477,,192.1010569,92403339.06,1182295528.0,,-1123991098.0,,45.95682084,119.897,67.514,,,,0.0
YR2009,NZL,4302600.0,0.9997280312000001,267710.0,127776291584.0,29700.0,126673091579.0,29440.0,80.70243902,2.13,27.2322,6.2,89.0,101574.0039,7.527296054,121338622025.0,-0.2136982517,2.662721881,7.87846652,19.29616836,28.74219438,26.41942641,19.65807126,108.71232109999998,41.624834,111.5810733,524453998.2,-52385533.24,28201.23228,-2020193744.0,2.115651106,46.73676155,87.29799999999999,56.58600000000001,324.0,7.0,196.0,0.0
YR2009,NIC,5745526.0,1.368535989,130370.0,7944602106.0,1380.0,20774682545.0,3620.0,72.167,2.628,98.9744,21.3,99.0,31840.0,0.7824770091,8298695145.0,-3.292665159,6.036303105,16.067651,21.07565918,33.98149421,53.01211624,23.20045583,58.21160674,76.15655100000002,172.7426004,1200000.0,433900000.0,1444.375179,-463000000.0,3.687001605,37.67522815,210.00799999999998,116.742,2478.0,160.0,1384.0,10.51200382
YR2009,NER,15843133.0,3.809711497,1267000.0,5226296410.0,330.0,11872418864.0,750.0,56.556999999999995,7.511,206.06799999999998,131.1,69.0,12164.000240000001,0.061104580770000014,5373097441.0,-0.7126774298,6.078974792,39.38968974,14.67161562,20.41237585,47.06596461,34.89364349,16.40458361,59.55596442,160.19461919999995,25197682.0,631278387.0,339.1436177,-725889350.7,0.5829065908,43.68588471,284.503,256.079,50714.0,5500.0,25413.0,75.35007935
YR2009,NGA,154324933.0,2.662916691,923770.0,314423268669.0,2040.0,686562919481.0,4450.0,50.422,5.872000000000001,120.7256,138.3,64.0,94505.99609,0.4972342479,291880204327.0,8.036925102,0.6860988736,26.74885451,21.23676148,18.63034142,17.42836899,22.04953582,48.28660058,31.05657686,153.6843948,47028922.71,8554740717.0,1891.33537,-7029618943.0,11.53767275,44.3114614,395.99,363.961,539504.0,64000.0,249319.0,22.99881661
YR2009,MNP,54193.0,-0.7939904602,460.0,,,,,,,,,,304.7999954,,795000000.0,-17.53112033,2.662406816,,,39.24528302,45.28301887,,,9.937106918,83.72012929,,,14669.7913,,,,,,,,,0.2117102993
YR2009,NOR,4828726.0,1.261127289,385178.0078,424456265532.0,87900.0,269175461487.0,55740.0,80.79512195,1.98,7.7634,3.4,93.0,121000.0,11.46182886,386622457580.0,-1.6909969630000001,-5.205075108,1.298865827,34.26339607,39.19183053,27.78802878,24.71793741,110.9327246,48.04376889,128.544949,4174095054.0,8635762892.0,80067.17663999999,1332335635.0,2.197385869,47.50368085,82.932,50.03,164.0,2.0,117.0,0.0
YR2009,OMN,2876186.0,4.451407873,309500.0,51036302353.0,17740.0,119697824073.0,41620.0,75.44,2.8680000000000003,14.1542,11.8,99.0,20.0,14.2909405,48388296489.0,6.112453761,-25.12813286,1.476461008,59.60398381,50.63610907,34.64604172,28.20755376,138.04959069999998,94.21079746,148.4140618,5315994798.0,1485825748.0,16823.77165,-1376592978.0,3.468810238,16.50349551,124.06,77.36,649.0,12.0,347.0,2.2079310530000003
YR2009,PAK,175525609.0,2.233333997,796100.0,176630743007.0,1010.0,714498766609.0,4070.0,64.969,4.0310000000000015,42.7518,90.0,56.0,17300.0,0.9049169856,168152775283.0,2.831658519,20.66651581,22.71733001,19.19149417,12.39575242,19.67609584,17.54948045,53.74829949,29.25375446,64.83013155,8000000.0,2338000000.0,957.9956808000001,-2267000000.0,13.64776506,19.72980114,188.157,156.102,377537.0,11000.0,266914.0,24.08168038
YR2009,PLW,18285.0,-2.265635313,460.0,185266203.4,10130.0,236297200.5,12920.0,,,,23.8,75.0,402.99999239999994,13.43664206,182704300.0,-5.929866287,-1.34000914,4.012111373,9.178711174,45.29986432,69.36924856,23.63835991,69.69647252,52.54391933,95.44327852,9284464.74,2790871.006,9992.03172,-2790871.006,1.438135383,,,,6.0,,3.0,0.0
YR2009,PAN,3579215.0,1.776150401,75420.0,24329982060.0,6800.0,48550680173.0,13560.0,76.6,2.628,87.5024,20.5,96.0,47156.000980000004,2.402514238,27116635600.0,1.242992318,6.4709599120000005,3.793229423,19.24972728,69.81378103,69.16631833,31.43168174,169.4975854,90.69709223,142.5379447,449800000.0,1085500000.0,7576.140467,-1259300000.0,2.4090531669999997,37.00618692,160.558,85.115,1325.0,63.0,869.0,5.790269883
YR2009,PNG,7144776.0,2.387696103,462840.0,11049933681.0,1550.0,18874284568.0,2640.0,61.739,4.043,59.2908,59.6,74.0,335756.0156,0.7128933083,11619541940.0,6.805554142,-4.883344933,21.64433199,29.77228001,,,,19.8403141,62.48955456,159.9007351,315373791.8,418816685.9,1626.298983,-418816685.9,6.9183253260000015,48.41353632,269.297,204.578,9889.0,370.0,5604.0,13.7333857
YR2009,PRY,6163972.0,1.350354378,406750.0,21289729098.0,3450.0,50502917058.0,8190.0,72.45,2.787,76.1808,26.8,91.0,172550.0,0.7400663079,22341754514.0,-0.25797143370000003,3.7426037869999997,9.776590541000001,37.40400686,36.23649774,31.15117492,18.72035177,91.15289622,53.80060905,91.54580517,,26913000.0,3624.571058,-71325000.0,2.591946734,39.01569206,173.773,132.769,3158.0,220.0,2008.0,0.7599946636
YR2009,PER,28792655.0,0.8032058261,1285220.0,114223240023.0,3970.0,245136398716.0,8510.0,74.12,2.594,67.8578,21.1,91.0,749543.9844,1.795760065,120822986521.0,1.0958236590000001,2.063698334,7.403906656,33.55168254,26.44205274,21.66987688,19.97867798,85.78702103,40.36980164,150.88619169999996,85417330.64,6430652961.0,4196.312793,-6019939961.0,2.936231536,45.56382344,164.953,103.074,10006.0,650.0,6180.0,11.56454175
YR2009,PHL,92414158.0,1.6498573909999998,300000.0,208495974661.0,2260.0,572567297192.0,6200.0,69.667,3.236,55.6608,32.4,88.0,68867.99805,0.8393524616,168334601260.0,1.14833222,2.7732452139999997,13.08068262,31.71017845,32.23235315,33.35803081,16.59155985,81.79119697,50.08714748,83.19992464,93790177.69,2064620678.0,1821.523941,-167490840.2,4.2190305210000005,38.84038422,268.382,146.575,59196.0,3500.0,35733.0,8.090936166
YR2009,POL,38151603.0,0.06776322702000001,312680.0,477260822864.0,12510.0,712241133621.0,18670.0,75.69512195,1.4,15.2978,6.3,98.0,93032.00195,7.8009143420000004,439796160379.0,2.8201839730000002,3.7713102760000003,2.485118874,29.80561256,37.18445017,38.0414631,20.57312011,116.83023090000002,65.02148626,156.9248584,1154000000.0,14025000000.0,11527.59323,-8094000000.0,3.795392425,44.79492666,194.365,75.725,2154.0,13.0,1511.0,0.0
YR2009,PRT,10568247.0,0.09533085924000001,92210.0,241428530765.0,22840.0,269489654832.0,25500.0,78.72682927,1.34,14.3072,4.0,95.0,32503.99902,5.126323978,243745748819.0,-2.978104267,1.096322999,1.942959343,19.85065221,27.08071141,34.00156593,20.79135157,111.2317777,47.538880400000004,141.35456630000004,517696721.0,5578899469.0,23063.97161,-2022596466.0,-0.8355300215000001,47.77640813,122.941,52.705,315.0,9.0,208.0,0.0
YR2009,PRI,3740410.0,-0.5454018945,8870.0,62025470735.0,16580.0,81018565090.0,21660.0,78.191,1.6528,48.5988,,,4761.000061,,96385600000.0,-1.9524251419999998,4.982555585,0.5883658970000001,49.40136286,63.08680965,42.17538719,10.43091499,75.41192368,,,,,25768.72589,,,42.09645068,164.894,68.518,,10.0,,0.0
YR2009,QAT,1654950.0,14.14463415,11610.0,101373147875.0,61250.0,162958609476.0,98470.0,78.945,2.13,13.6536,9.3,99.0,0.0,41.82722076,97798351648.0,11.95656114,-24.21810088,0.1233194564,,51.13487609,29.00928688,42.96404915,117.75401070000001,74.57078649,169.8229359,,8124736264.0,59094.44494,,-4.863278016000001,11.73012633,69.506,50.644,148.0,2.0,91.0,0.0
YR2009,ROU,20367487.0,-0.8330887548,238390.0,187218662274.0,9190.0,333674337445.0,16380.0,73.3097561,1.66,39.6036,12.0,96.0,64902.00195,4.005210952,174103695930.0,-5.5173944079999995,4.0867782319999995,6.116432948,36.42487093,26.02361223,32.44922154,27.19623714,121.62036509999999,54.50257646,162.4261503,64407171.89,4637684880.0,8548.118672,-4624155850.0,5.587420043,44.31868195,207.27599999999998,88.35600000000002,2248.0,62.0,1252.0,0.0
YR2009,RUS,142785342.0,0.030114067060000006,17098240.0,1318479474183.0,9230.0,2678612246973.0,18760.0,68.68463415,1.5419999999999998,28.3538,10.7,98.0,8138665.0,11.02385623,1222644282200.0,-7.799993913,1.9706126030000002,4.084448697,29.32693903,27.9381012,20.49695982,18.92637574,160.5071896,40.50164117,131.91084709999998,21147740000.0,36583100000.0,8562.813697,6697430000.0,11.64732958,48.97907059,369.93300000000005,138.365,15563.0,460.0,8003.0,0.0
YR2009,RWA,9782770.0,2.67516791,26340.0,5103834057.0,520.0,12559007315.0,1280.0,62.129,4.641,40.47,70.7,95.0,4337.999878000001,0.058850305179999986,5373088997.0,6.255647061,7.958504101,29.33796332,14.1712293,11.74654306,29.70790843,23.38743431,24.83194433,28.71718672,167.93463300000005,71439836.62,118670000.0,549.2400411,,12.89483343,51.33392231,283.168,235.885,16238.0,1500.0,8433.0,3.1640543360000004
YR2009,WSM,184556.0,0.7030660874,2840.0,552411838.5,2990.0,918834268.1,4980.0,71.41199999999998,4.388,30.3048,24.2,45.0,1710.0,1.013334706,560959527.8,-4.8082722,2.437840514,11.270406900000001,24.84508195,30.07005257,51.53595331,,,49.37967648,85.56814074,8453372.806,9868116.508,3039.508484,-8872914.557,6.3249533620000005,36.23552279999999,168.047,99.44200000000001,90.0,3.0,53.0,0.05868894511
YR2009,SMR,30816.0,1.247363112,60.0,,,,,,,,3.1,88.0,0.0,,2363156432.0,-12.82467532,3.844610083,,,,,,97.18652648,,,,,76686.0213,,2.19959237,,,,1.0,,0.0,0.0
YR2009,STP,175876.0,2.74141365,960.0,186242988.3,1060.0,418424162.7,2380.0,66.938,4.776,103.7556,48.2,90.0,540.8000182999998,0.5212479247,187821029.0,2.426281345,7.570213571,11.21047578,18.29359675,,,,45.95794764,59.09881368,129.68705390000002,546840.0,15500000.0,1067.917334,-15349708.02,16.9574758,35.71096614,225.959,172.49599999999995,223.0,9.0,119.0,57.92060353
YR2009,SAU,26630303.0,2.8249339539999996,2149690.0,476649816278.0,17900.0,1171416111047.0,43990.0,73.75,3.0660000000000003,11.5554,12.9,98.0,9770.0,17.61021255,429097866667.0,-2.059268194,-15.71323043,2.8541119139999998,55.02005137,47.08862065,37.76972091,31.71528236,168.4710647,67.08632747,104.2936724,26469733333.0,36457666667.0,16113.14249,-34280396667.0,5.057222761,14.15485524,105.919,86.26899999999998,6683.0,120.0,4223.0,0.0
YR2009,SEN,12335084.0,2.714923677,196710.0,16499184259.0,1340.0,32557745169.0,2640.0,63.607,5.081,89.5548,70.7,79.0,85130.0,0.37160265789999997,16248212852.0,2.092527085,-0.9917257828,15.9421075,21.76882552,19.18345668,32.45836074,19.31351322,55.95010135,41.41993991,96.41939163,174422683.6,330145120.8,1317.2356869999999,-242912600.9,-2.248021479,36.54715243,246.2,189.00099999999998,20779.0,2200.0,13133.0,18.48249468
YR2009,SRB,7320807.0,-0.40099490520000003,88360.0,47204593225.0,6450.0,90355293469.0,12340.0,73.98536585,1.44,20.8868,7.8,95.0,26656.00098,6.308347972999999,45162894381.0,-2.7317536510000004,7.887694737,7.201495477999999,24.90164346,26.34777847,39.67403806,18.65666187,109.85200959999999,54.00893883,105.67755009999999,152960965.8,2929226710.0,6169.114195,-2882297554.0,8.116950922000001,43.74748455,174.27599999999995,87.61399999999998,651.0,12.0,463.0,0.06467833258
YR2009,SYC,87298.0,0.3925309481,460.0,892406090.1,10220.0,1561026670.0,17880.0,73.08292683,2.38,60.4702,14.0,97.0,406.69998169999997,6.006792825,847397850.1,-1.105245793,27.49417926,2.256942686,14.02832394,107.99435449999999,117.02875230000001,27.27824504,121.8783727,140.31189719999998,80.71079648,62099674.02,168251661.9,9706.956059999999,-162916307.8,31.75444077,,211.44299999999998,102.67200000000001,20.0,1.0,15.0,0.7269493031
YR2009,SLE,6272734.0,2.242996189,72300.0,2747690343.0,440.0,7736233096.0,1230.0,48.468,5.346,138.2878,171.7,80.0,27456.00098,0.1040576565,2453899847.0,3.1880512160000003,7.781761918,55.26088268,6.547213416,13.49976875,27.93676149,9.993480997999999,18.49273379,30.60434601,76.35022951,3491081.8839999996,110430202.5,391.2010053,-110845502.5,7.4691666670000005,49.81793835,438.276,426.889,27185.0,3600.0,10545.0,21.60537597
YR2009,SGP,4987573.0,3.015949915,710.0,186113897304.0,37320.0,297320545558.0,59610.0,81.24146341,1.22,5.1402,2.8,95.0,163.50000380000003,11.21442253,194152286009.0,0.12100380960000001,2.961070855,0.04068776127,27.01631937,190.84493500000002,167.34787680000005,27.37011521,138.62160419999998,265.573489,86.45823202,,23821209700.0,38927.20688,8603556832.0,0.5968734546,40.45184882,76.84100000000002,44.14100000000001,107.0,5.0,56.0,0.0
YR2009,SXM,34238.0,0.8034998215000001,34.0,,,1050471796.0,30680.0,75.58780488,1.7,,,,,,,,,,,,,,,,,,39659217.88,,,5.957636888,,,,,,,0.2439049593
YR2009,SVK,5386406.0,0.13325732099999998,49040.0,91853486916.0,17050.0,123364618193.0,22900.0,74.9097561,1.44,21.6528,7.2,99.0,19375.99976,6.3190732370000005,88945625174.0,-5.422542312999999,-1.164869253,3.023237205,30.76942697,67.60925099,69.09227598,21.12363387,101.78787750000001,125.6183199,146.4990938,138077753.4,1519061242.0,16512.981969999993,971700226.6,1.6151046409999998,44.44717626,184.574,74.638,335.0,3.0,191.0,0.0
YR2009,SVN,2039669.0,0.9038755352,20270.0,49604959612.0,24320.0,55108934487.0,27020.0,78.97073171,1.53,4.9916,3.4,95.0,12461.99951,7.491602314,50244793832.0,-7.7972765760000025,3.3555407410000004,1.655056813,27.45919916,57.24267828,55.37385863,23.38212279,103.2761761,104.8546446,150.6770372,236743311.9,-346971372.9,24633.79785,686974773.6,0.8392622468000001,45.84685356,124.194,53.545,58.0,2.0,40.0,0.0
YR2009,SLB,515181.0,2.321267536,28900.0,422332518.7,820.0,648372857.1,1260.0,70.366,4.399,68.7738,26.5,69.0,22186.00098,0.3772479963,597765363.1,-4.738346526,7.2572883070000005,,,39.3,57.6,,9.705326866,72.43644859999998,92.39500813,39104831.41,48583116.34,1160.3016480000001,-45599374.39,7.092717169,43.58552557,193.43200000000002,154.955,386.0,27.0,194.0,55.44466731
YR2009,SOM,11717692.0,2.7733178119999997,637660.0,,,,,53.653999999999996,6.961,120.4212,162.1,43.0,68237.99805,0.05101013066000002,,,,,,,,,5.470360545,,102.0699524,,108000000.0,,,,18.98047703,357.392,300.135,50414.0,5200.0,22897.0,42.47542796
YR2009,ZAF,50477011.0,1.391533479,1219090.0,295396901461.0,5850.0,563340719609.0,11160.0,56.46,2.608,69.1452,58.0,77.0,92410.0,9.967159108999999,295937388336.0,-1.5380893340000001,7.504520796,2.713427607,27.58361623,27.91188817,27.50637343,20.70489939,91.99435363,45.86476915,132.3734993,1143855053.0,7624489974.0,5862.81522,-6313190334.0,7.264562145,43.85086555,531.7719999999998,415.978,47171.0,2100.0,16385.0,6.122044115
YR2009,SSD,9142259.0,4.53476108,,,,,,54.218999999999994,5.465,90.2312,114.8,,,,12231362023.0,5.04164188,-17.29397294,5.22,59.27735523,60.31431403,34.52144981,13.67973949,,,,,,1337.892749,,5.006273615,48.56884241,376.83099999999996,348.88800000000015,24835.0,4100.0,15436.0,
YR2009,ESP,46362946.0,0.8857359806,505370.0,1519365182506.0,32770.0,1474196731396.0,31800.0,81.47560976,1.38,11.2328,4.0,98.0,180541.7969,6.216973378,1499099749931.0,-3.573751449,0.2525338212,2.182378606,25.38969392,22.67342074,23.82378236,24.56535922,109.593787,34.72457387,146.4393132,556775793.0,13478740375.0,32334.00548,2417396306.0,-0.287996835,43.78865356,92.228,42.183,1647.0,21.0,1071.0,0.0
YR2009,LKA,20123508.0,0.6957531168000001,65610.0,40383769919.0,2010.0,152652820999.0,7590.0,75.286,2.259,22.1122,12.0,97.0,21060.0,0.6547333099,42066217872.0,3.5389120530000002,5.8798826360000005,12.6919713,29.67143873,21.32836624,27.82077529,24.43386575,81.02671264,41.34909407,111.98001979999998,420300000.0,404000000.0,2090.4018260000007,-384000000.0,3.464963221,33.92398937,176.745,68.225,3743.0,150.0,2447.0,2.279831287
YR2009,KNA,48599.0,0.8555185259999999,260.0,746798899.1,15370.0,1131377359.0,23280.0,,,,15.1,99.0,110.0,4.602707875,767066391.8,-3.368479443,0.055097758620000006,1.1329328859999999,23.445605,23.01960189,47.89494638,,155.35299080000001,43.54251517,76.59131721,5735364.815,130750839.3,15783.583859999999,-130750839.3,2.05793709,,,,9.0,,7.0,0.4441326531
YR2009,LCA,172221.0,1.291539494,620.0,1279114399.0,7430.0,1891417795.0,10980.0,74.712,1.555,46.5616,18.7,99.0,206.5999985,2.235702963,1278745519.0,-1.454036303,0.8465672897,3.687227723,13.92487122,42.5379283,50.6714784,26.66212595,110.1712335,53.64632682,122.2120455,3235447.778,146397591.1,7425.026672,-146397591.1,-0.15693608720000002,44.90525686,176.455,117.32600000000001,37.0,2.0,31.0,4.818359097
YR2009,MAF,37377.0,1.325057765,54.4,,,,,78.57073171,1.82,,,,10.0,,,,,,,,,,,,,,,,,,,,,,,,
YR2009,VCT,108287.0,-0.09784014072000001,390.0,684658349.3,6320.0,1064995229.0,9830.0,71.71600000000002,2.092,57.16,21.4,99.0,267.9999924,2.878415692,674922481.5,-2.099061259,-0.8678937224,5.9188196479999995,16.19634013,28.49330241,57.49454793,,111.84537390000001,56.59909256,109.5966335,5286984.815,110221666.3,6232.719361,-110221666.3,0.4215391257,40.60873563,190.139,137.192,34.0,1.0,24.0,3.1108277810000002
YR2009,SDN,33783788.0,2.1631632780000003,,50852515379.0,1180.0,129516478874.0,3020.0,62.33,4.926,98.2252,78.1,82.0,,0.3464511082,53150209168.0,3.2418475719999997,3.95947682,24.67041159,23.07046351,15.96880633,19.99823889,24.49589499,35.73563389,33.768446600000004,165.36511480000001,78778.51881000001,1726298403.0,1238.1808449999999,-1726298403.0,11.24854637,24.36631444,275.776,214.7,62557.0,5300.0,39975.0,39.92328552
YR2009,SUR,523111.0,1.15129214,163820.0,3641950556.0,6960.0,6892514352.0,13180.0,70.209,2.633,69.6744,25.5,88.0,153550.0,3.827451535,3875555556.0,3.0173476110000004,6.484076207,10.04850353,34.46006918,44.12317642,43.79417958,50.18611821,146.0324864,72.04128440000002,117.94517240000002,4600000.0,-93400000.0,7408.6676739999975,93400000.0,-0.1336366467,37.54882325,234.05900000000003,130.534,245.0,17.0,145.0,5.444160546
YR2009,SWZ,1057467.0,0.7138643933,17360.0,3513424172.0,3320.0,8014581049.0,7580.0,45.275,3.4210000000000003,87.1486,100.1,94.0,5585.999756,0.9883003441,3580417067.0,1.5650488519999999,9.7699243,9.250385772000001,39.90976434,51.95155883,66.58142168,15.38431367,62.832409899999995,96.07819245,113.2972328,10725156.33,65705859.52,3385.8428369999997,-58689385.68,7.448234234,40.75264672,593.275,470.332,2050.0,150.0,660.0,14.33135039
YR2009,SWE,9298515.0,0.8519044129000001,450300.0,482249246064.0,51860.0,377875126473.0,40640.0,81.35121951,1.94,5.7724,3.1,97.0,281020.0,4.63141136,430114322297.0,-5.195897813999999,2.380886474,1.294103388,23.62511767,44.40504264,38.64986396,21.0082354,112.1003165,58.27683176,143.4570267,1071467575.0,8960871621.0,46256.23794,17513961647.0,-0.4944605444,47.39684525,74.488,46.728,283.0,5.0,185.0,0.0
YR2009,CHE,7743831.0,1.2494846309999998,41290.0,544971491396.0,70370.0,408518497646.0,52750.0,82.04390244,1.5,4.1006,4.6,92.0,12314.000240000001,5.3779736410000005,541506500414.0,-2.222107121,0.3618450932,0.7535870931,25.49751302,57.23045434,49.69971218,26.21819344,120.8543333,60.54442555,107.1650699,15698261479.0,47658570355.0,69927.46877,-2954454437.0,-0.480467934,46.26032047,75.903,42.165,310.0,5.0,250.0,0.0
YR2009,SYR,21205873.0,2.588327688,185180.0,,,,,72.938,3.514,48.3154,16.3,82.0,4850.0,2.939358639,,,,,,,,,47.25983693,,126.5900764,211257375.0,2569548272.0,,-2569548272.0,2.920897118,15.11762992,205.24,82.90799999999999,8122.0,150.0,5131.0,0.9101810015
YR2009,TJK,7364753.0,2.1246269840000003,142550.0,4860461570.0,660.0,14421351027.0,1960.0,68.36,3.596,46.9324,44.8,89.0,4100.0,0.3331032283,4979481980.0,3.89282113,12.13395052,18.5520033,24.50881063,24.47099886,61.50713818,24.84475362,66.53312066,71.89502872,82.8496756,106075258.7,149060550.0,676.1234193,-149060550.0,6.448234814,34.45325134,176.95,115.90100000000001,8705.0,60.0,4887.0,0.5214634374
YR2009,TZA,43073834.0,2.872967915,947300.0,27940138866.0,670.0,86469735715.0,2070.0,57.666000000000004,5.489,129.334,76.1,91.0,483200.0,0.1374044855,29081425282.0,5.269105248,9.041662455,26.03519036,21.67690864,18.19426583,25.33833481,34.35567687,40.55707231,32.29896715,132.9852786,46611927.76,952630000.0,695.2167767999997,-952630000.0,12.14222787,49.3935349,360.06800000000015,302.457,85777.0,12000.0,45181.0,10.99121461
YR2009,THA,66866839.0,0.503540016,513120.0,276652596995.0,4140.0,787702816639.0,11780.0,73.766,1.545,46.0892,14.0,98.0,162192.00199999998,4.002028449,281710095725.0,-0.6907333462,0.194743196,9.790233755,38.70753861,64.43868588,54.83086881,20.63642188,98.63231758,101.5693098,96.85702232,3265400000.0,6411458545.0,4213.001541,-415179561.5,-0.8457160923,45.81171068,217.752,108.42299999999999,9692.0,340.0,6184.0,0.48804008509999997
YR2009,TLS,1074277.0,1.7698662859999998,14870.0,2740606362.0,2550.0,7625361552.0,7100.0,66.796,5.004,47.5882,65.2,70.0,7532.000121999998,0.2116344295,3199666691.0,-6.041631022000001,-22.45220961,5.653455027000001,78.92688938,98.80074433,57.51122867,15.43283654,32.66299102,9.469736359,,85570678.06,47954750.66,2978.437303,-47954750.66,0.669681186,31.54950765,182.988,152.155,1829.0,82.0,863.0,31.52583066
YR2009,TGO,6250835.0,2.7148016989999997,56790.0,3319749218.0,530.0,7236961060.0,1160.0,56.81800000000001,4.936,92.3388,92.3,66.0,3067.999878,0.4452609931,3365711796.0,5.537910972000001,1.58465881,30.9296085,15.02088655,34.52826852,49.19479677,16.90170636,34.99266898,71.66389002,111.73456399999999,72001243.29,46118873.9,538.4419516,-11113833.89,3.71360592,50.00208350000001,325.861,293.284,13963.0,1100.0,6942.0,53.08559916
YR2009,TON,103890.0,0.4930800412,750.0,349613790.2,3370.0,500093429.1,4810.0,69.982,3.963,18.0318,17.2,87.0,90.0,1.2706901529999999,318166562.8,2.290612704,-2.342333004,15.34056661,16.60638939,13.37492465,63.34216395,24.54217902,51.01549716,48.08801989,96.86433033,8834718.688,247006.485,3062.5330910000002,-724818.4736,1.426859721,38.53818892,177.438,110.223,42.0,2.0,21.0,0.1340632039
YR2009,TTO,1320930.0,0.4923032225,5130.0,21399675055.0,16200.0,36842674422.0,27890.0,71.71,1.804,36.7748,24.1,94.0,2271.199951,33.98747928,19172165226.0,-4.391729247,-27.63179205,0.5951458264,53.13585288,,,,139.7761426,83.87680688,126.6632528,,709100000.0,14514.14172,-709100000.0,6.978087252999999,41.29480378,227.62400000000002,131.27100000000002,431.0,15.0,312.0,0.1527221485
YR2009,TUN,10525694.0,1.062668312,163610.0,42860160962.0,4070.0,98887456920.0,9390.0,74.88,2.095,6.8952,18.9,98.0,9750.0,2.355086515,43454935940.0,3.043448955,3.033112117,8.297260265,27.76955956,45.03981103,47.97706775,25.1473344,93.07724507,77.18570808,117.199198,12886263.91,1525244858.0,4128.462783,-1525244858.0,3.6649033060000002,26.70755014,124.62100000000001,74.624,2962.0,87.0,2308.0,4.154325215
YR2009,TUR,71321399.0,1.2738919,785350.0,683083055887.0,9580.0,1091637399327.0,15310.0,74.074,2.168,35.6056,18.6,97.0,110947.998,3.8956740460000003,644639901974.0,-4.70446591,5.401803159,8.12999767,24.05598511,22.573672600000002,23.35880171,23.01843715,88.02344721,37.70647756,96.18284409,157000000.0,8585000000.0,9038.52015,-7032000000.0,6.250976631,28.13097242,156.994,79.99600000000002,20746.0,330.0,13338.0,0.3994433835
YR2009,TKM,5007954.0,1.451936718,488100.0,17781034682.0,3550.0,42059204115.0,8400.0,66.355,2.7689999999999997,23.8708,61.9,99.0,41270.0,10.05212428,20214385965.0,6.100000115,9.761016135,10.51535297,60.91024284,47.08302234,57.86915693,46.6,42.59004775,58.374268799999996,177.3634492,,4553000000.0,4036.4559990000002,,,42.19110902,264.937,143.257,6262.0,14.0,3168.0,0.2097089789
YR2009,TCA,31934.0,2.318907759,950.0,,,,,,,,,,344.0000153,5.626698816,703175750.0,,,0.7008304823,16.19958737,,,,,,74.73760435,,,22019.65773000001,,,,,,,,,1.9681818180000001
YR2009,TUV,10424.0,1.060864419,30.0,50273432.7,4820.0,54738734.12,5250.0,,,,32.5,90.0,10.0,1.0553530309999999,27101312.79,-4.432851394,0.6890262734999999,24.17911307,11.43630033,,,,9.593246355,,,1383529.525,1751074.6719999998,2599.895701000001,-1751074.6719999998,,,,,7.0,,6.0,5.087874281
YR2009,UGA,31411096.0,3.167519504,241550.0,15931851250.0,510.0,46328477998.0,1470.0,56.06,6.227,143.1956,82.9,77.0,28881.99951,0.1076362951,18168902154.0,6.801517348,34.02147325,26.14617558,20.19015959,17.26797922,29.47677054,24.99740725,29.87394646,32.00523593,107.7694185,482615626.4,841570802.7,578.4230564,-812720321.7,13.01725619,48.21444785,404.846,334.534,74239.0,6300.0,36565.0,9.686958542000001
YR2009,UKR,46053300.0,-0.44393241689999996,603550.0,130723701232.0,2840.0,327715414234.0,7120.0,69.19,1.473,29.4278,12.3,75.0,95534.00391,5.647810472000001,117113410001.0,-14.75854536,13.01863964,7.17264394,25.72958862,43.91311781,45.95322066,19.8511925,119.45642109999999,72.80891232,95.8961641,613000000.0,4769000000.0,2542.997136,-4654000000.0,15.88119246,48.20044306,334.02099999999996,127.738,5143.0,140.0,3583.0,0.0012114616
YR2009,ARE,7917372.0,11.04463501,83600.0,277083140714.0,35000.0,455747333779.0,57560.0,76.145,1.8769999999999998,24.6462,8.7,93.0,3162.399902,21.21405954,253547358747.0,-5.2429219069999995,-15.18297988,1.036886889,52.044956,79.65331786,73.8086265,31.63348051,134.7906603,142.7437469,143.97294630000005,,1134288135.0,32024.1816,,1.559800981,11.14164459,88.77,62.424,655.0,3.0,418.0,0.0587
YR2009,GBR,62276270.0,0.7563908596,243610.0,2736027144505.0,43930.0,2149068637946.0,34510.0,80.05121951,1.89,22.6064,5.4,86.0,30513.99902,7.574622131,2394785792179.0,-4.2466050000000015,1.619922087,0.5508020034000001,17.95138345,26.15245903,27.99507941,14.59940815,121.7296478,36.49474633,154.6954215,9274761990.0,14547108445.0,38454.2265,-62945021961.0,1.961731736,45.94333079,94.258,58.132,3580.0,81.0,2476.0,0.0
YR2009,USA,306771529.0,0.8766512987999999,9831510.0,14643696781569.0,47730.0,14398708000000.0,46940.0,78.3902439,2.002,34.9234,7.5,90.0,3079274.063,17.15773779,14448933025000.0,-2.536757066,0.7623499867,0.9685725358,19.3240035,10.94887766,13.692685800000001,17.80458111,89.54496379999998,18.41893097,98.98819562,50723000000.0,161083000000.0,47099.98047,151514000000.0,-0.3555462663,46.16950265,134.966,79.055,26207.0,600.0,17233.0,0.0
YR2009,URY,3349676.0,0.2826652277,176220.0,29494248573.0,8810.0,50075569089.0,14950.0,76.60300000000002,2.0180000000000002,60.923,11.2,94.0,16894.00024,2.406222572,31660911277.0,4.243494178,7.747542087,7.886996101,24.07940704,27.09921576,26.29520351,19.62477452,122.7450058,38.88706769,103.19664499999999,5629000.0,1602591813.0,9451.932449,-1512181816.0,7.062218744,44.5013508,144.59,81.484,466.0,9.0,251.0,1.068433188
YR2009,UZB,27767400.0,1.687340969,447400.0,32069733404.0,1150.0,110984250184.0,4000.0,69.435,2.53,20.3802,38.9,95.0,32793.999019999996,3.858171993,33689223673.0,8.050933327000001,17.26156513,18.63268497,30.35264382,34.66263094,34.01051126,29.94778798,58.49863316,58.64783407,138.9010405,,842000000.0,1213.265328,,,42.00274896,205.905,119.99,21113.0,210.0,13176.0,0.049527998200000006
YR2009,VUT,230247.0,2.436866519,12190.0,603712921.7,2620.0,643469996.5,2790.0,68.97399999999999,4.14,54.1202,29.2,65.0,4400.0,0.5255703657,610066628.7,3.312815802,2.311267078,19.76074571,10.87547413,49.11009076,56.27696986,39.89311875,57.19162465,57.53469924,88.48103832,2694966.433,32140846.43,2649.618144,-32090449.59,4.29706573,43.51674185,172.553,122.537,181.0,7.0,96.0,1.6097698
YR2009,VEN,28031009.0,1.419817009,912050.0,290886433371.0,10380.0,468236198905.0,16700.0,73.116,2.5,89.0674,17.0,87.0,475466.0156,6.41394475,329787628928.0,-3.2023026569999997,7.83166636,5.662177795,40.81209353,18.07151887,20.44941079,25.79694602,100.33020929999999,30.06268013,272.86497710000003,582000000.0,-1137000000.0,11765.10018,3613000000.0,27.08094145,39.69838291,203.64,94.865,8640.0,710.0,5982.0,6.054788985
YR2009,VNM,87092252.0,0.9794242697,331051.0156,88288551523.0,1010.0,309977115100.0,3560.0,74.745,1.9280000000000002,32.902,23.4,97.0,139177.99800000002,1.4769935330000001,106014659770.0,5.397897542999999,6.215623149,19.16845987,37.38818638,62.60888407,72.09743366,37.16255543,112.7815365,119.83720009999999,124.522428,,7600000000.0,1217.268555,-6900000000.0,7.054558499,47.97115793,194.838,70.008,27757.0,720.0,17772.0,9.123416077
YR2009,VIR,108405.0,0.005534953231,350.0,,,,,77.61463415,2.37,48.0498,,,182.7000046,,4203000000.0,-6.64149267,5.929411765,,,254.9845349,252.0818463,,,,,,,38771.27439,,,48.76631454,86.7,52.093999999999994,,,,0.0
YR2009,PSE,3689099.0,2.667950749,6020.0,7658602130.0,2080.0,14629247820.0,3970.0,72.656,4.504,63.813,23.8,,91.70000076,0.5665854996,7268200000.0,8.662535025,0.22899412859999999,5.96846537,19.53716188,15.59258138,68.01133706,20.70388817,45.48130592,,80.64463452,7912044.442000003,300468000.0,1970.182963,-231154537.2,2.7539348510000004,18.75553592,142.674,103.964,2661.0,68.0,1723.0,0.2520472848
YR2009,YEM,22516460.0,2.811865495,527970.0,24855856686.0,1100.0,90617952570.0,4020.0,65.255,4.801,73.0288,58.0,65.0,5490.0,1.090827155,25130274124.0,3.866229516,-8.70527002,10.02131756,52.79750476,,,,36.91965789,61.45575621,135.81311730000002,336840000.0,129200000.0,1116.084594,-129200000.0,5.407760981,13.51743847,261.247,215.142,34805.0,1600.0,21790.0,24.26626572
YR2009,ZMB,13215139.0,2.813365844,752610.0,16967650964.0,1280.0,38781297277.0,2930.0,54.13,5.496,144.0538,85.1,90.0,496346.0156,0.1897995927,15328342304.0,9.220348406,5.55968566,11.55278363,30.22446888,29.25099767,26.87038329,,33.34571055,53.1303375,164.93906940000005,65617000.0,694800000.0,1159.9077619999996,-425242000.0,13.39525463,47.67201532,449.70099999999996,375.903,29902.0,1800.0,14512.0,21.660460399999998
YR2009,ZWE,12526968.0,1.183792351,390760.0,5283056783.0,420.0,17214601830.0,1370.0,48.449,3.988,110.1918,92.7,76.0,159510.0,0.4472890806,9665793300.0,12.01955993,95.40865975,10.74255023,21.45429181,19.47749803,42.30093975,12.74680165,31.85926555,53.47724537,101.0427037,8559307.801,105000000.0,771.5987859,-105000000.0,,50.56150113,576.447,527.376,25021.0,2900.0,13094.0,27.41172205
